frame_nmr,car_id,vehicle_bbox,vehicle_class,bbox_score,vehicle_confidence,color_label,color_confidence,license_plate_text,license_plate_score,license_plate_detection_score
1,1,"[496, 269, 1212, 706]",Honda_N-Box_Microcar,0.9411,0.0972,White,0.968,MHO2FN3093,0.8634,0.7548
1,2,"[988, 253, 1696, 642]",Maruti Suzuki_Wagon R_City Car,0.9206,0.5436,Black,0.9721,MH02FN3093,0.8428,0.6691
1,3,"[0, 279, 592, 789]",Maruti Suzuki_Wagon R_City Car,0.6066,0.5436,Red,0.9939,MH47AB1483,0.9805,0.7682
2,1,"[499, 269, 1214, 706]",Honda_N-Box_Microcar,0.9377,0.2152,White,0.9717,MHO2FN3093,0.8715,0.7688
2,2,"[991, 253, 1700, 643]",Maruti Suzuki_Wagon R_City Car,0.915,0.3873,Black,0.9787,MHO2FN3093,0.8342,0.7044
2,3,"[1, 279, 594, 789]",Maruti Suzuki_Wagon R_City Car,0.5651,0.3873,Red,0.9919,MH47AB1483,0.9795,0.747
3,1,"[504, 270, 1218, 705]",Honda_N-Box_Microcar,0.9398,0.0947,White,0.9756,MH02FN3093,0.8763,0.7537
3,2,"[994, 254, 1702, 643]",Maruti Suzuki_Wagon R_City Car,0.919,0.409,Black,0.9762,MHO2FN3093,0.8549,0.7164
3,3,"[3, 279, 595, 789]",Maruti Suzuki_Wagon R_City Car,0.5172,0.409,Red,0.9934,MH47AB1483,0.9837,0.7326
4,1,"[506, 269, 1221, 706]",Honda_N-Box_Microcar,0.9371,0.1301,White,0.966,MHO2FN3093,0.8403,0.7586
4,2,"[997, 255, 1704, 643]",Maruti Suzuki_Wagon R_City Car,0.91,0.5918,Black,0.951,MHO2FN3093,0.8316,0.7186
4,3,"[4, 279, 596, 789]",Maruti Suzuki_Wagon R_City Car,0.6914,0.5918,Red,0.9926,MH47AB1483,0.9829,0.7116
5,1,"[509, 269, 1225, 706]",Suzuki_Ignis_Crossover,0.9354,0.1817,White,0.9712,MHO2FN3093,0.842,0.7569
5,2,"[1002, 257, 1707, 644]",Mahindra_KUV100_Crossover,0.8987,0.2865,Black,0.9736,MHO2FN3093,0.8236,0.744
5,3,"[5, 279, 598, 789]",Mahindra_KUV100_Crossover,0.7058,0.2865,Red,0.9941,MH47AB1483,0.9827,0.7498
6,1,"[511, 269, 1228, 707]",Suzuki_Ignis_Crossover,0.9326,0.1041,White,0.9677,MHO2FN3093,0.8074,0.7531
6,2,"[1005, 258, 1709, 644]",Maruti Suzuki_Wagon R_City Car,0.9003,0.2296,Black,0.9451,MHO2FN3093,0.8053,0.7135
6,3,"[7, 279, 599, 789]",Maruti Suzuki_Wagon R_City Car,0.6366,0.2296,Red,0.9926,MH47AB1483,0.9642,0.7374
7,1,"[514, 269, 1231, 707]",Maruti Suzuki_Vitara_SUV,0.9394,0.1347,White,0.9702,MH02FN3093,0.8575,0.7719
7,2,"[1006, 257, 1712, 644]",Maruti Suzuki_Wagon R_City Car,0.9235,0.3625,Black,0.9117,MHO2FN3093,0.85,0.7448
7,3,"[8, 280, 601, 788]",Maruti Suzuki_Wagon R_City Car,0.5538,0.3625,Red,0.9912,MH47AB1483,0.9709,0.7132
8,1,"[517, 269, 1233, 706]",Suzuki_Ignis_Crossover,0.9448,0.141,White,0.9704,MH02FN3093,0.8059,0.7702
8,2,"[1006, 257, 1713, 645]",Maruti Suzuki_Wagon R_City Car,0.9122,0.3993,Black,0.9528,MH02FN3093,0.8103,0.7372
8,3,"[9, 279, 602, 787]",Jeep_Compass_SUV,0.4517,0.7082,Red,0.988,MH47AB1483,0.9796,0.6828
9,1,"[517, 269, 1234, 706]",Maruti Suzuki_Vitara_SUV,0.9399,0.1484,White,0.9746,MHO2FN3093,0.8375,0.7701
9,2,"[1007, 257, 1715, 645]",Maruti Suzuki_Wagon R_City Car,0.9224,0.5607,Black,0.9353,MHO2FN3093,0.8031,0.7376
10,1,"[519, 269, 1235, 707]",Maruti Suzuki_Vitara_SUV,0.9437,0.1285,White,0.9716,HH02FN3093,0.843,0.772
10,2,"[1006, 257, 1717, 645]",Maruti Suzuki_Wagon R_City Car,0.92,0.1796,Black,0.9502,HH02FN3093,0.8111,0.7044
10,3,"[9, 279, 605, 788]",Jeep_Compass_SUV,0.5242,0.7982,Red,0.9878,MH47AB1483,0.9678,0.7067
11,1,"[519, 270, 1236, 707]",Suzuki_Ignis_Crossover,0.9459,0.1265,White,0.9708,MHO2FN3093,0.7982,0.7734
11,2,"[1007, 257, 1718, 646]",Maruti Suzuki_Wagon R_City Car,0.9165,0.5276,Black,0.9708,MHO2FN3093,0.8262,0.7125
11,10,"[0, 280, 613, 788]",Jeep_Compass_SUV,0.4979,0.8669,Red,0.9928,MH47AB1483,0.9786,0.7066
12,1,"[519, 270, 1236, 707]",Honda_N-Box_Microcar,0.9456,0.1375,White,0.9749,MH02FN3093,0.8028,0.7736
12,2,"[1008, 257, 1719, 646]",Maruti Suzuki_Wagon R_City Car,0.919,0.6586,Black,0.9404,MHO2FN3093,0.8104,0.7366
12,10,"[0, 280, 614, 788]",Maruti Suzuki_Wagon R_City Car,0.5617,0.6586,Red,0.9897,MH47AB1483,0.9779,0.7241
13,1,"[519, 270, 1237, 708]",Suzuki_Ignis_Crossover,0.9449,0.1575,White,0.9767,MH02FN3093,0.8434,0.7736
13,2,"[1006, 257, 1719, 646]",Maruti Suzuki_Wagon R_City Car,0.9203,0.3749,Black,0.9584,MHO2FN3093,0.86,0.7151
13,10,"[0, 280, 615, 789]",Maruti Suzuki_Wagon R_City Car,0.4933,0.3749,Red,0.9898,MH47AB1483,0.9801,0.7198
14,1,"[519, 271, 1236, 708]",Honda_N-Box_Microcar,0.9435,0.1193,White,0.9737,MHO2FN3093,0.7974,0.7808
14,2,"[1005, 257, 1719, 646]",Maruti Suzuki_Wagon R_City Car,0.9205,0.2705,Black,0.9147,MHO2FM3093,0.7838,0.687
14,10,"[0, 281, 615, 789]",Maruti Suzuki_Wagon R_City Car,0.5546,0.2705,Red,0.9932,MH47AB1483,0.9734,0.6992
14,3,"[7, 281, 607, 789]",Jeep_Compass_SUV,0.4631,0.649,Red,0.9918,MH47AB1483,0.9785,0.6172
15,1,"[519, 271, 1236, 708]",Maruti Suzuki_Vitara_SUV,0.9443,0.118,White,0.9745,MH02FN3093,0.8229,0.7867
15,2,"[1004, 257, 1719, 646]",Maruti Suzuki_Wagon R_City Car,0.9194,0.4266,Black,0.9416,MHO2FN3093,0.8369,0.7124
15,10,"[0, 281, 615, 789]",Maruti Suzuki_Wagon R_City Car,0.5169,0.4266,Red,0.9919,MH47AB1483,0.9726,0.7119
16,1,"[518, 270, 1237, 708]",Maruti Suzuki_Vitara_SUV,0.946,0.1248,White,0.9699,MH02FN3093,0.8515,0.7859
16,2,"[1006, 257, 1721, 646]",Maruti Suzuki_Wagon R_City Car,0.9185,0.3689,Black,0.9391,MHO2FN3093,0.8138,0.725
17,1,"[518, 270, 1237, 707]",Maruti Suzuki_Vitara_SUV,0.9471,0.1766,White,0.9663,MHO2FN3093,0.8508,0.7788
17,2,"[1005, 256, 1721, 646]",Maruti Suzuki_Wagon R_City Car,0.9196,0.3923,Black,0.9339,MHO2FN3093,0.879,0.7455
17,3,"[6, 281, 609, 788]",Maruti Suzuki_Wagon R_City Car,0.5909,0.3923,Red,0.9944,MH47AB1483,0.9765,0.7109
18,1,"[518, 270, 1237, 707]",Maruti Suzuki_Vitara_SUV,0.9472,0.1981,White,0.9715,MHO2FN3093,0.8337,0.7898
18,2,"[1004, 256, 1722, 646]",Maruti Suzuki_Wagon R_City Car,0.9193,0.5359,Black,0.9571,MHO2FN3093,0.8527,0.7145
18,13,"[0, 281, 615, 788]",Maruti Suzuki_Wagon R_City Car,0.5008,0.5359,Red,0.9937,MH47AB1483,0.9792,0.7059
19,1,"[518, 270, 1236, 707]",Maruti Suzuki_Vitara_SUV,0.9469,0.1616,White,0.9733,MH02FN3093,0.8284,0.7704
19,2,"[1003, 256, 1720, 646]",Maruti Suzuki_Wagon R_City Car,0.9188,0.5408,Black,0.9351,MH02FN3093,0.8297,0.7227
19,13,"[0, 281, 615, 788]",Maruti Suzuki_Wagon R_City Car,0.488,0.5408,Red,0.9933,MH47AB1483,0.9843,0.6982
20,1,"[519, 271, 1236, 708]",Maruti Suzuki_Vitara_SUV,0.9476,0.167,White,0.9683,MHO2FN3093,0.8106,0.7666
20,2,"[1003, 257, 1720, 646]",Maruti Suzuki_Wagon R_City Car,0.9172,0.4213,Black,0.9812,MH02FN3093,0.8507,0.7363
20,13,"[0, 281, 614, 788]",Jeep_Compass_SUV,0.5766,0.8251,Red,0.9897,MH47AB1483,0.9848,0.7189
21,1,"[519, 272, 1236, 708]",Maruti Suzuki_Vitara_SUV,0.948,0.1604,White,0.9619,MHO2FN3093,0.7974,0.7648
21,2,"[1002, 257, 1720, 647]",Maruti Suzuki_Wagon R_City Car,0.9176,0.2608,Black,0.9871,MHO2FN3093,0.842,0.7306
22,1,"[519, 272, 1236, 708]",Maruti Suzuki_Vitara_SUV,0.9495,0.112,White,0.963,MHO2FN3093,0.8189,0.7572
22,2,"[1005, 258, 1721, 647]",Maruti Suzuki_Wagon R_City Car,0.9191,0.3147,Black,0.9407,HHO2FN3093,0.8026,0.7282
22,3,"[4, 281, 611, 790]",Jeep_Compass_SUV,0.5617,0.8149,Red,0.9916,MH47AB1483,0.977,0.7084
23,1,"[519, 272, 1236, 708]",Maruti Suzuki_Vitara_SUV,0.9499,0.1398,White,0.9617,MHO2FN3093,0.7968,0.7566
23,2,"[1006, 258, 1722, 647]",Maruti Suzuki_Wagon R_City Car,0.9196,0.4888,Black,0.9078,MHO2FN3093,0.8004,0.7316
23,3,"[3, 282, 611, 790]",Jeep_Compass_SUV,0.6166,0.8436,Red,0.9957,MH47AB1483,0.9859,0.7123
24,1,"[520, 272, 1236, 708]",Maruti Suzuki_Vitara_SUV,0.9494,0.0814,White,0.9651,MHO2FN3093,0.8437,0.7573
24,2,"[1007, 259, 1722, 647]",Maruti Suzuki_Wagon R_City Car,0.9138,0.5318,Black,0.9219,MHO2FN3093,0.845,0.6845
24,3,"[3, 282, 612, 790]",Jeep_Compass_SUV,0.7045,0.8575,Red,0.9968,MH47AB1483,0.9763,0.7233
25,1,"[520, 272, 1237, 708]",Maruti Suzuki_Vitara_SUV,0.9504,0.1185,White,0.9643,MHO2FN3093,0.7971,0.7551
25,2,"[1009, 259, 1724, 647]",Maruti Suzuki_Wagon R_City Car,0.9162,0.5329,Black,0.9295,MH02FN3093,0.8081,0.6999
25,3,"[3, 282, 613, 790]",Jeep_Compass_SUV,0.7569,0.8783,Red,0.9974,MH47AB1483,0.9844,0.7222
26,1,"[521, 273, 1238, 708]",Maruti Suzuki_Vitara_SUV,0.9529,0.1441,White,0.9552,MHO2FN3093,0.8174,0.7594
26,2,"[1009, 259, 1724, 647]",Maruti Suzuki_Wagon R_City Car,0.9181,0.6133,Black,0.9186,MHO2FN3093,0.8281,0.7194
26,3,"[4, 282, 613, 790]",Jeep_Compass_SUV,0.7649,0.9082,Red,0.9973,MH47AB1483,0.9777,0.7123
27,1,"[522, 273, 1239, 709]",Maruti Suzuki_Vitara_SUV,0.9531,0.1483,White,0.9513,MH02FN3093,0.8683,0.7545
27,2,"[1009, 259, 1725, 647]",Maruti Suzuki_Wagon R_City Car,0.9191,0.3018,Black,0.9783,MHO2FN3093,0.8467,0.7094
27,3,"[4, 282, 615, 790]",Jeep_Compass_SUV,0.6934,0.918,Red,0.9965,MH47AB1483,0.9739,0.7144
28,1,"[524, 273, 1241, 709]",Maruti Suzuki_Vitara_SUV,0.9513,0.1858,White,0.9546,MHO2FN3093,0.8767,0.7568
28,2,"[1008, 259, 1726, 647]",Maruti Suzuki_Wagon R_City Car,0.9238,0.6665,Black,0.9582,MHO2FN3093,0.8793,0.727
28,3,"[4, 282, 615, 789]",Jeep_Compass_SUV,0.6155,0.8358,Red,0.9957,MH47AB1483,0.9755,0.7448
29,1,"[525, 273, 1244, 709]",Maruti Suzuki_Vitara_SUV,0.9494,0.1723,White,0.9631,MHO2FN3093,0.839,0.7624
29,2,"[1011, 259, 1729, 648]",Maruti Suzuki_Wagon R_City Car,0.9175,0.5727,Black,0.9871,MHO2FN3093,0.8378,0.7189
29,3,"[4, 282, 617, 790]",Jeep_Compass_SUV,0.602,0.7869,Red,0.9963,MH47AB1483,0.9736,0.7328
30,1,"[527, 273, 1247, 710]",Maruti Suzuki_Vitara_SUV,0.9498,0.168,White,0.967,MHO2FN3093,0.8659,0.7667
30,2,"[1012, 258, 1732, 647]",Maruti Suzuki_Wagon R_City Car,0.916,0.7386,Black,0.9841,MHO2FN3093,0.8854,0.6446
30,3,"[5, 283, 618, 789]",Jeep_Compass_SUV,0.5582,0.7942,Red,0.9963,MH47AB1483,0.9698,0.743
31,1,"[530, 273, 1249, 709]",Maruti Suzuki_Vitara_SUV,0.9503,0.1268,White,0.9674,MHO2FN3093,0.8498,0.7552
31,2,"[1016, 258, 1736, 648]",Maruti Suzuki_Wagon R_City Car,0.9111,0.7226,Black,0.9656,MH02FN3093,0.8537,0.7197
31,3,"[6, 283, 620, 789]",Jeep_Compass_SUV,0.501,0.8513,Red,0.9969,MH47AB1483,0.9721,0.7505
31,16,"[1, 283, 626, 788]",Jeep_Compass_SUV,0.4888,0.8513,Red,0.9985,MH47AB1483,0.9704,0.6884
32,1,"[534, 273, 1253, 709]",Maruti Suzuki_Vitara_SUV,0.9517,0.2387,White,0.9553,MHO2FN3093,0.8511,0.773
32,2,"[1021, 259, 1740, 648]",Maruti Suzuki_Wagon R_City Car,0.9197,0.3558,Black,0.8941,MH02FN3093,0.8764,0.6971
33,1,"[537, 273, 1257, 710]",Maruti Suzuki_Vitara_SUV,0.948,0.196,White,0.9511,MHO2FN3093,0.8567,0.7666
33,2,"[1023, 259, 1743, 648]",Maruti Suzuki_Wagon R_City Car,0.9206,0.385,Black,0.967,MHO2FN3093,0.8531,0.7323
33,3,"[8, 283, 624, 789]",Maruti Suzuki_Wagon R_City Car,0.5437,0.385,Red,0.9993,MH47AB1483,0.9861,0.753
34,1,"[541, 273, 1261, 710]",Maruti Suzuki_Vitara_SUV,0.9434,0.1963,White,0.9653,MHO2FN3093,0.8694,0.7658
34,2,"[1025, 257, 1748, 649]",Maruti Suzuki_Wagon R_City Car,0.9077,0.5784,Black,0.989,MHO2FN3093,0.8614,0.6676
34,3,"[10, 283, 626, 787]",Jeep_Compass_SUV,0.6827,0.8583,Red,0.9987,MH47AB1483,0.9618,0.7418
35,1,"[544, 272, 1265, 710]",Suzuki_Ignis_Crossover,0.9402,0.2047,White,0.9697,MHO2FN3093,0.8842,0.768
35,2,"[1032, 257, 1755, 649]",Maruti Suzuki_Wagon R_City Car,0.9207,0.525,Black,0.9263,MHO2FN3093,0.8425,0.7277
35,3,"[10, 283, 630, 788]",Jeep_Compass_SUV,0.7732,0.9088,Red,0.9988,MH47AB1483,0.9755,0.7684
36,1,"[547, 272, 1269, 710]",Suzuki_Ignis_Crossover,0.9355,0.1716,White,0.9585,MH02FN3093,0.8856,0.7705
36,2,"[1036, 257, 1759, 649]",Maruti Suzuki_Wagon R_City Car,0.9187,0.5359,Black,0.9391,MHO2FN3093,0.8852,0.7326
36,3,"[11, 284, 632, 788]",Jeep_Compass_SUV,0.6708,0.8967,Red,0.9987,MH47AB1483,0.9723,0.7566
37,1,"[551, 272, 1272, 710]",Suzuki_Ignis_Crossover,0.936,0.2059,White,0.9671,MH02FN3093,0.8904,0.7557
37,2,"[1039, 256, 1763, 649]",Maruti Suzuki_Wagon R_City Car,0.9204,0.7024,Black,0.9477,CHO4LC7950,0.693,0.7317
37,3,"[12, 284, 635, 787]",Jeep_Compass_SUV,0.678,0.8229,Red,0.9985,MH47AB1483,0.9681,0.7477
38,1,"[555, 272, 1276, 709]",Honda_N-Box_Microcar,0.9312,0.1297,White,0.98,MH02FN3093,0.8843,0.7584
38,2,"[1044, 256, 1768, 649]",Maruti Suzuki_Wagon R_City Car,0.9205,0.8199,Black,0.926,MH02FN3093,0.853,0.7102
38,3,"[14, 284, 640, 787]",Jeep_Compass_SUV,0.633,0.9325,Red,0.9986,MH47AB1483,0.9719,0.7495
39,1,"[559, 273, 1281, 710]",Suzuki_Ignis_Crossover,0.9339,0.1731,White,0.9561,MHO2FN3093,0.9101,0.7502
39,2,"[1047, 256, 1772, 649]",Maruti Suzuki_Wagon R_City Car,0.916,0.5778,Black,0.9438,MH02FN3093,0.8721,0.7118
39,3,"[17, 283, 644, 786]",Jeep_Compass_SUV,0.7158,0.916,Red,0.9983,MH47AB1483,0.9661,0.735
40,1,"[565, 273, 1286, 710]",Maruti Suzuki_Vitara_SUV,0.9342,0.2237,White,0.9608,MHO2FN3093,0.8615,0.7696
40,2,"[1050, 254, 1778, 649]",Maruti Suzuki_Wagon R_City Car,0.9226,0.7713,Black,0.9469,MH02FN3093,0.8833,0.7002
40,3,"[22, 284, 650, 786]",Jeep_Compass_SUV,0.6475,0.9155,Red,0.9977,MH47AB1483,0.9792,0.7368
41,1,"[570, 273, 1290, 710]",Maruti Suzuki_Vitara_SUV,0.9327,0.1627,White,0.9735,MHO2FM3093,0.8178,0.7562
41,2,"[1060, 255, 1785, 649]",Maruti Suzuki_Wagon R_City Car,0.9143,0.7533,Black,0.9535,MHO2FN3093,0.8533,0.6063
41,3,"[27, 284, 656, 786]",Jeep_Compass_SUV,0.5571,0.9301,Red,0.9981,MH47AB1483,0.9678,0.7431
42,1,"[575, 273, 1296, 710]",Maruti Suzuki_Vitara_SUV,0.9389,0.1777,White,0.9734,MHO2FN3093,0.8338,0.7595
42,2,"[1063, 255, 1791, 650]",Maruti Suzuki_Wagon R_City Car,0.9156,0.6113,Black,0.8701,MHO2FN3093,0.8828,0.643
42,3,"[33, 284, 663, 785]",Maruti Suzuki_Wagon R_City Car,0.622,0.6113,Red,0.9975,MH47AB1483,0.9738,0.7504
42,21,"[24, 284, 673, 785]",Jeep_Compass_SUV,0.5019,0.856,Red,0.9977,MH47AB1483,0.9772,0.7033
43,1,"[582, 273, 1302, 710]",Suzuki_Ignis_Crossover,0.9395,0.1517,White,0.9597,MHO2FN3093,0.8629,0.7694
43,2,"[1071, 255, 1799, 650]",Maruti Suzuki_Wagon R_City Car,0.9224,0.7067,Black,0.9579,MH02FN3093,0.8373,0.7276
43,3,"[40, 285, 670, 785]",Maruti Suzuki_Wagon R_City Car,0.5676,0.7067,Red,0.9986,MH47AB1483,0.9781,0.7538
43,21,"[30, 284, 678, 785]",Jeep_Compass_SUV,0.5454,0.8485,Red,0.9972,MH47AB1483,0.9669,0.7097
44,1,"[587, 273, 1307, 709]",Maruti Suzuki_Vitara_SUV,0.9417,0.1549,White,0.9622,MHO2FN3093,0.8819,0.7608
44,2,"[1077, 255, 1805, 651]",Maruti Suzuki_Wagon R_City Car,0.9279,0.5788,Black,0.9607,MHO2FN3093,0.8821,0.7348
45,1,"[594, 273, 1313, 709]",Honda_N-Box_Microcar,0.9383,0.1221,White,0.9618,MHO2FN3093,0.8384,0.7637
45,2,"[1085, 256, 1811, 650]",Maruti Suzuki_Wagon R_City Car,0.9189,0.5408,Black,0.9588,MHO2FN3093,0.88,0.6973
45,3,"[52, 285, 683, 784]",Maruti Suzuki_Wagon R_City Car,0.5514,0.5408,Red,0.9984,MH47AB1483,0.9581,0.7422
46,1,"[599, 273, 1319, 709]",Maruti Suzuki_Vitara_SUV,0.9379,0.162,White,0.959,MHO2FN3093,0.8496,0.7632
46,2,"[1090, 256, 1816, 650]",Ford_Transit_Van,0.9271,0.2755,Black,0.9506,MHO2FN3093,0.8688,0.6996
46,3,"[57, 285, 690, 784]",Jeep_Compass_SUV,0.7336,0.9016,Red,0.9987,MH47AB1483,0.9641,0.7434
47,1,"[606, 272, 1326, 708]",Suzuki_Ignis_Crossover,0.9377,0.1414,White,0.9758,MH02FN3093,0.8396,0.7718
47,2,"[1098, 256, 1824, 650]",Ford_Freestyle_Crossover,0.9218,0.2089,Black,0.9439,MH02FN3093,0.8393,0.6923
47,3,"[64, 285, 697, 784]",Jeep_Compass_SUV,0.6538,0.9163,Red,0.9988,MH47AB1483,0.97,0.7352
48,1,"[611, 272, 1332, 709]",Maruti Suzuki_Vitara_SUV,0.9392,0.2001,White,0.9615,MHO2FN3093,0.8692,0.7677
48,2,"[1101, 256, 1830, 650]",Maruti Suzuki_Wagon R_City Car,0.9211,0.364,Black,0.9559,MH02FN3093,0.8327,0.7281
48,3,"[71, 285, 705, 783]",Jeep_Compass_SUV,0.8457,0.87,Red,0.9988,MH47AB1483,0.9662,0.7469
49,1,"[618, 272, 1339, 708]",Suzuki_Ignis_Crossover,0.9483,0.1647,White,0.9786,HH02FN3093,0.8511,0.7738
49,2,"[1106, 256, 1836, 650]",Maruti Suzuki_Wagon R_City Car,0.9168,0.6018,Black,0.9595,MHO2FN3093,0.8269,0.7367
49,3,"[79, 285, 712, 782]",Jeep_Compass_SUV,0.7588,0.91,Red,0.9983,MH47AB1483,0.9756,0.7459
50,1,"[625, 272, 1347, 709]",Suzuki_Ignis_Crossover,0.9487,0.1801,White,0.9699,MHO2FN3093,0.8695,0.7722
50,2,"[1113, 255, 1845, 651]",Maruti Suzuki_Wagon R_City Car,0.923,0.5044,Black,0.8851,MHO2FN3093,0.8358,0.7225
50,3,"[85, 285, 718, 782]",Jeep_Compass_SUV,0.7846,0.9013,Red,0.9985,MH47AB1483,0.9709,0.7509
51,1,"[632, 272, 1354, 709]",Suzuki_Ignis_Crossover,0.9468,0.1609,White,0.9737,MHO2FN3093,0.8874,0.7783
51,2,"[1121, 254, 1856, 651]",Maruti Suzuki_Wagon R_City Car,0.9299,0.4979,Black,0.9257,MH02FN3093,0.8821,0.6883
51,3,"[92, 286, 725, 782]",Jeep_Compass_SUV,0.6857,0.9267,Red,0.9987,MH47AB1483,0.9577,0.7458
52,1,"[637, 271, 1360, 709]",Suzuki_Ignis_Crossover,0.9443,0.2243,White,0.9743,MHO2FN3093,0.837,0.7805
52,2,"[1127, 254, 1863, 651]",Maruti Suzuki_Wagon R_City Car,0.9319,0.4583,Black,0.922,MH02FN3093,0.852,0.7346
52,3,"[99, 286, 731, 781]",Jeep_Compass_SUV,0.7594,0.9085,Red,0.9985,MH47AB1483,0.9748,0.7539
53,1,"[643, 271, 1366, 709]",Suzuki_Ignis_Crossover,0.9404,0.2316,White,0.9761,MH02FN3093,0.8447,0.7761
53,2,"[1134, 254, 1871, 652]",Maruti Suzuki_Wagon R_City Car,0.9282,0.5885,Black,0.9374,MHO2FN3093,0.8366,0.6793
53,3,"[106, 287, 737, 780]",Jeep_Compass_SUV,0.8342,0.9151,Red,0.9979,MH47AB1483,0.9686,0.7517
54,1,"[647, 271, 1371, 709]",Maruti Suzuki_Vitara_SUV,0.9313,0.2119,White,0.9789,MHO2FN3093,0.878,0.7777
54,2,"[1140, 254, 1877, 651]",Maruti Suzuki_Wagon R_City Car,0.9163,0.3243,Black,0.9594,MHO2FN3093,0.8402,0.7267
54,3,"[112, 286, 744, 780]",Jeep_Compass_SUV,0.6207,0.965,Red,0.9987,MH47AB1483,0.9707,0.7451
55,1,"[653, 271, 1377, 709]",Suzuki_Ignis_Crossover,0.9221,0.2096,White,0.9804,MHO2FN3093,0.8459,0.776
55,2,"[1145, 253, 1885, 652]",Maruti Suzuki_Wagon R_City Car,0.9234,0.5336,Black,0.9593,MHO2FN3093,0.8388,0.6658
55,3,"[119, 287, 751, 780]",Jeep_Compass_SUV,0.616,0.9412,Red,0.9989,MH47AB1483,0.9569,0.7421
56,1,"[659, 271, 1384, 709]",Suzuki_Ignis_Crossover,0.9287,0.2281,White,0.978,MHO2FN3093,0.8399,0.7782
56,2,"[1150, 253, 1891, 652]",Maruti Suzuki_Wagon R_City Car,0.9233,0.3589,Black,0.921,MH02FN3093,0.8263,0.7139
56,3,"[126, 287, 758, 779]",Jeep_Compass_SUV,0.5945,0.947,Red,0.9991,MH47AB1483,0.9458,0.7447
57,1,"[665, 271, 1389, 709]",Maruti Suzuki_Vitara_SUV,0.9373,0.2325,White,0.9742,MHO2FN3093,0.8224,0.7819
57,2,"[1155, 252, 1899, 652]",Maruti Suzuki_Wagon R_City Car,0.9186,0.359,Black,0.8904,MH02FN3093,0.8524,0.7072
57,3,"[131, 286, 763, 779]",Jeep_Compass_SUV,0.6404,0.9451,Red,0.9985,MH47AB1483,0.9373,0.7457
58,1,"[672, 272, 1396, 709]",Suzuki_Ignis_Crossover,0.9365,0.1312,White,0.9716,MH02FN3093,0.8595,0.7734
58,2,"[1162, 252, 1906, 651]",Maruti Suzuki_Wagon R_City Car,0.917,0.3669,Black,0.9134,MHO2FN3093,0.8328,0.7157
58,3,"[138, 285, 770, 779]",Maruti Suzuki_Wagon R_City Car,0.607,0.3669,Red,0.9989,MH47AB1483,0.9685,0.7602
59,1,"[679, 272, 1401, 709]",Maruti Suzuki_Vitara_SUV,0.937,0.159,White,0.9728,MHO2FN3093,0.8473,0.7751
59,2,"[1169, 251, 1914, 652]",Maruti Suzuki_Wagon R_City Car,0.9314,0.3408,Black,0.9124,MHO2FN3093,0.8547,0.7268
59,3,"[144, 286, 775, 778]",Maruti Suzuki_Wagon R_City Car,0.5353,0.3408,Red,0.999,MH47AB1483,0.9575,0.757
59,30,"[141, 285, 774, 780]",Jeep_Compass_SUV,0.479,0.8267,Red,0.9981,MH47AB1483,0.9682,0.6243
60,1,"[683, 272, 1408, 709]",Honda_N-Box_Microcar,0.9391,0.1598,White,0.9681,MH02FN3093,0.8007,0.785
60,2,"[1176, 253, 1919, 652]",Maruti Suzuki_Wagon R_City Car,0.9311,0.4842,Black,0.9526,MH02FN3093,0.8005,0.7365
60,3,"[148, 285, 781, 779]",Jeep_Compass_SUV,0.4883,0.9357,Red,0.999,MH47AB1483,0.9734,0.7443
60,30,"[147, 285, 777, 777]",Porsche_911_Coupe,0.541,0.0161,Red,0.9983,MH47AB1483,0.9771,0.7206
61,1,"[689, 271, 1413, 709]",Suzuki_Ignis_Crossover,0.94,0.162,White,0.9752,MH02FN3093,0.8424,0.7831
61,2,"[1178, 253, 1920, 652]",Maruti Suzuki_Wagon R_City Car,0.9237,0.3643,Black,0.9574,HHO2FN3093,0.8186,0.7039
61,3,"[154, 285, 786, 779]",Jeep_Compass_SUV,0.5959,0.9317,Red,0.999,MH47AB1483,0.9823,0.7569
61,30,"[155, 286, 783, 777]",BMW_7 Series_Sedan,0.4392,0.0275,Red,0.9989,MH47AB1483,0.9793,0.684
62,1,"[695, 271, 1419, 709]",Maruti Suzuki_Vitara_SUV,0.9387,0.2117,White,0.976,MHO2FN3093,0.843,0.7907
62,2,"[1181, 253, 1920, 652]",Maruti Suzuki_Wagon R_City Car,0.9175,0.5256,Black,0.9561,MHO2FN3093,0.8457,0.7247
62,30,"[162, 287, 789, 777]",BMW_7 Series_Sedan,0.5836,0.0392,Red,0.9987,MH47AB1483,0.98,0.7509
63,1,"[699, 271, 1424, 709]",Honda_N-Box_Microcar,0.938,0.1706,White,0.9769,MH02FN3093,0.8099,0.7877
63,2,"[1182, 252, 1920, 652]",Maruti Suzuki_Wagon R_City Car,0.9197,0.345,Black,0.9625,MHO2FN3093,0.8415,0.6874
63,3,"[167, 286, 796, 778]",Maruti Suzuki_Wagon R_City Car,0.4093,0.345,Red,0.9989,MH47AB1483,0.9762,0.75
63,30,"[167, 286, 794, 777]",Jeep_Compass_SUV,0.5499,0.7226,Red,0.9985,MH47AB1483,0.9658,0.6695
64,1,"[703, 270, 1429, 708]",Suzuki_Ignis_Crossover,0.9372,0.1806,White,0.9675,MH02FN3093,0.8282,0.7929
64,2,"[1184, 251, 1920, 653]",Maruti Suzuki_Wagon R_City Car,0.9247,0.7161,Black,0.9132,MH02FN3093,0.8612,0.7273
64,3,"[173, 286, 801, 777]",Maruti Suzuki_Wagon R_City Car,0.519,0.7161,Red,0.9992,MH47AB1483,0.9771,0.7577
65,1,"[708, 270, 1435, 709]",Maruti Suzuki_Vitara_SUV,0.9356,0.1324,White,0.9725,MH02FN3093,0.8161,0.7928
65,2,"[1187, 252, 1920, 653]",Maruti Suzuki_Wagon R_City Car,0.9252,0.6076,Black,0.8071,MHO2FN3093,0.8554,0.6697
65,3,"[178, 286, 806, 777]",Maruti Suzuki_Wagon R_City Car,0.5847,0.6076,Red,0.9994,MH47AB1483,0.9802,0.7628
65,30,"[177, 285, 806, 778]",Jeep_Compass_SUV,0.4139,0.7012,Red,0.9991,MH47AB1483,0.9747,0.6861
66,1,"[713, 271, 1439, 709]",Maruti Suzuki_Vitara_SUV,0.9475,0.1484,White,0.9608,MHO2FN3093,0.8309,0.7856
66,2,"[1187, 251, 1920, 653]",Maruti Suzuki_Wagon R_City Car,0.9254,0.3358,Black,0.9497,MHO2FN3093,0.8297,0.7066
66,3,"[184, 286, 811, 776]",Jeep_Compass_SUV,0.7532,0.8981,Red,0.9995,MH47AB1483,0.957,0.7546
67,1,"[718, 270, 1445, 709]",Maruti Suzuki_Vitara_SUV,0.9509,0.1645,White,0.9675,MH02FN3093,0.8232,0.7966
67,2,"[1189, 250, 1920, 653]",Maruti Suzuki_Wagon R_City Car,0.9227,0.2973,Black,0.681,MH02FN3093,0.8693,0.7225
67,3,"[188, 286, 815, 776]",Maruti Suzuki_Wagon R_City Car,0.4856,0.2973,Red,0.9993,MH47AB1483,0.9606,0.7616
68,1,"[722, 270, 1450, 709]",Maruti Suzuki_Vitara_SUV,0.9436,0.1402,White,0.966,MH02FN3093,0.8141,0.7992
68,2,"[1195, 250, 1920, 653]",Renault_Captur_Crossover,0.9271,0.1815,Black,0.9123,CGOZLC,0.7144,0.7386
68,3,"[192, 286, 819, 776]",Jeep_Compass_SUV,0.608,0.9541,Red,0.9994,MH47AB1483,0.976,0.762
69,1,"[728, 271, 1455, 709]",Maruti Suzuki_Vitara_SUV,0.9505,0.2523,White,0.9593,MH02FN3093,0.8557,0.7961
69,2,"[1198, 251, 1920, 654]",Renault_Captur_Crossover,0.9307,0.4594,Black,0.7035,CGO4L,0.8553,0.7481
69,3,"[198, 287, 824, 776]",Jeep_Compass_SUV,0.6383,0.9354,Red,0.9994,MH47AB1483,0.9667,0.7545
70,1,"[732, 271, 1460, 710]",Maruti Suzuki_Vitara_SUV,0.9446,0.1832,White,0.9542,MH02FN3093,0.8467,0.7916
70,2,"[1204, 251, 1920, 653]",Maruti Suzuki_Wagon R_City Car,0.9236,0.1781,Black,0.696,CC6O4L,0.5976,0.7425
70,3,"[203, 287, 828, 775]",Jeep_Compass_SUV,0.6215,0.9434,Red,0.9995,MH47AB1483,0.9722,0.7631
71,1,"[735, 270, 1464, 710]",Maruti Suzuki_Vitara_SUV,0.9431,0.1546,White,0.9533,MH02FN3093,0.8311,0.7982
71,2,"[1207, 250, 1920, 653]",Renault_Captur_Crossover,0.9109,0.5633,Black,0.9193,MH02FN3093,0.8296,0.7216
71,3,"[208, 287, 833, 776]",Jeep_Compass_SUV,0.6634,0.9046,Red,0.9996,MH47AB1483,0.98,0.7346
72,1,"[740, 270, 1468, 709]",Maruti Suzuki_Vitara_SUV,0.9398,0.1501,White,0.9586,MH02FN3093,0.8699,0.8002
72,2,"[1211, 251, 1920, 653]",Renault_Captur_Crossover,0.8985,0.1767,Black,0.913,MH02FN3093,0.8674,0.7551
72,3,"[211, 286, 837, 776]",Jeep_Compass_SUV,0.5482,0.9459,Red,0.9995,MH47AB1483,0.973,0.7542
73,1,"[743, 269, 1472, 709]",Honda_N-Box_Microcar,0.939,0.1703,White,0.9703,MHO2FN3093,0.8468,0.7922
73,2,"[1215, 250, 1920, 653]",Maruti Suzuki_Wagon R_City Car,0.9154,0.2325,Black,0.8262,MHO2FN3093,0.8292,0.7429
73,3,"[216, 285, 842, 776]",Jeep_Compass_SUV,0.6108,0.946,Red,0.9997,MH47AB1483,0.9767,0.7516
74,1,"[746, 269, 1476, 709]",Honda_N-Box_Microcar,0.9394,0.2599,White,0.9713,MHO2FN3093,0.8165,0.7984
74,2,"[1219, 250, 1920, 653]",Maruti Suzuki_Wagon R_City Car,0.9123,0.1674,Black,0.7554,,,0.7368
74,3,"[221, 286, 845, 775]",Maruti Suzuki_Wagon R_City Car,0.4998,0.1674,Red,0.9997,MH47AB1483,0.9761,0.7499
75,1,"[750, 269, 1480, 709]",Honda_N-Box_Microcar,0.9374,0.1205,White,0.9685,MHO2FN3093,0.8606,0.8001
75,2,"[1220, 250, 1920, 653]",Audi_A2_City Car,0.9067,0.1363,Silver,0.4448,,,0.706
75,3,"[224, 285, 849, 775]",Jeep_Compass_SUV,0.5702,0.944,Red,0.9998,MH47AB1483,0.9775,0.756
76,1,"[753, 269, 1484, 709]",Honda_N-Box_Microcar,0.9397,0.147,White,0.966,MHO2FN3093,0.8544,0.7946
76,2,"[1225, 250, 1920, 653]",Ford_EcoSport_Crossover,0.9178,0.1461,Black,0.4511,,,0.642
76,3,"[229, 285, 852, 774]",Jeep_Compass_SUV,0.7137,0.9554,Red,0.9998,MH47AB1483,0.9783,0.7454
77,1,"[755, 269, 1487, 710]",Maruti Suzuki_Vitara_SUV,0.9368,0.2119,White,0.9678,MH02FN3093,0.8422,0.7964
77,2,"[1228, 250, 1920, 653]",Ford_EcoSport_Crossover,0.9177,0.4004,Silver,0.4707,MH02FN3093,0.8381,0.7133
77,3,"[234, 285, 855, 773]",Jeep_Compass_SUV,0.7538,0.9497,Red,0.9998,MH47AB1483,0.9637,0.7474
78,1,"[758, 269, 1490, 711]",Suzuki_Ignis_Crossover,0.9371,0.1463,White,0.9682,MHO2FN3093,0.8478,0.7915
78,2,"[1230, 250, 1920, 654]",Maruti Suzuki_Wagon R_City Car,0.9046,0.2921,Black,0.7768,MHO2FN3093,0.8385,0.7244
78,3,"[236, 285, 858, 774]",Jeep_Compass_SUV,0.7607,0.9638,Red,0.9998,MH47AB1483,0.9675,0.7443
79,1,"[762, 271, 1493, 711]",Honda_N-Box_Microcar,0.9375,0.1265,White,0.972,MHO2FN3093,0.8476,0.7939
79,2,"[1235, 251, 1920, 655]",Ford_Transit_Van,0.9062,0.1216,Black,0.7978,MHO2FN3093,0.8063,0.7362
79,3,"[239, 287, 860, 774]",Jeep_Compass_SUV,0.5095,0.9576,Red,0.9997,MH47AB1483,0.9756,0.7523
80,1,"[766, 271, 1496, 711]",Maruti Suzuki_Vitara_SUV,0.9398,0.1631,White,0.9606,MHO2FN3093,0.8419,0.7934
80,2,"[1238, 251, 1920, 655]",Ford_Freestyle_Crossover,0.9148,0.3962,Black,0.7358,MHO2FN3093,0.797,0.6773
80,3,"[243, 287, 863, 774]",Jeep_Compass_SUV,0.6031,0.9479,Red,0.9996,MH47AB1483,0.9593,0.7521
80,36,"[240, 286, 863, 772]",Chevrolet_Cruze_Sedan,0.4328,0.06,Red,0.9995,MH47AB1483,0.9602,0.6597
81,1,"[769, 271, 1499, 711]",Maruti Suzuki_Vitara_SUV,0.9429,0.191,White,0.969,MHO2FN3093,0.8594,0.7928
81,2,"[1241, 251, 1920, 656]",Ford_Transit_Van,0.9156,0.4116,Black,0.7252,MH02FN3093,0.8431,0.7269
81,3,"[246, 287, 867, 774]",Jeep_Compass_SUV,0.5879,0.9337,Red,0.9997,MH47AB1483,0.9614,0.7438
81,36,"[244, 288, 866, 773]",Chevrolet_Cruze_Sedan,0.4162,0.0466,Red,0.9995,MH47AB1483,0.9749,0.6965
82,1,"[773, 272, 1503, 711]",Maruti Suzuki_Vitara_SUV,0.9458,0.1691,White,0.9685,MHO2FN3093,0.8673,0.7918
82,2,"[1245, 251, 1920, 656]",Maruti Suzuki_Wagon R_City Car,0.9098,0.1086,Black,0.8199,MHO2FN3093,0.8789,0.7071
82,3,"[250, 288, 871, 774]",Jeep_Compass_SUV,0.6684,0.9175,Red,0.9998,MH47AB1483,0.9718,0.751
83,1,"[778, 272, 1506, 711]",Maruti Suzuki_Vitara_SUV,0.9444,0.1282,White,0.9629,MHO2FN3093,0.8387,0.7977
83,2,"[1249, 251, 1920, 656]",Ford_EcoSport_Crossover,0.9116,0.2295,Black,0.787,MHO2FN3093,0.8175,0.7491
83,3,"[256, 289, 873, 773]",Jeep_Compass_SUV,0.6614,0.9499,Red,0.9995,MH47AB1483,0.9532,0.7514
84,1,"[781, 272, 1510, 711]",Maruti Suzuki_Vitara_SUV,0.9472,0.1367,White,0.9554,MHO2FN3093,0.8227,0.7925
84,2,"[1253, 251, 1920, 656]",Fiat_Ducato_Van,0.913,0.2022,Black,0.692,HHO2FN3093,0.8101,0.7546
84,3,"[259, 288, 877, 774]",Jeep_Compass_SUV,0.7339,0.9057,Red,0.9998,MH47AB1483,0.9717,0.7518
85,1,"[785, 272, 1515, 711]",Maruti Suzuki_Vitara_SUV,0.9388,0.1239,White,0.9644,MH02FN3093,0.7965,0.7946
85,2,"[1256, 251, 1920, 656]",Ford_EcoSport_Crossover,0.9022,0.1485,Black,0.7248,MH02FN3093,0.8356,0.7744
85,3,"[262, 288, 882, 774]",Jeep_Compass_SUV,0.7709,0.9237,Red,0.9997,MH47AB1483,0.949,0.7406
86,1,"[789, 272, 1520, 711]",Maruti Suzuki_Wagon R_City Car,0.9404,0.1131,White,0.9625,MH02FN3093,0.7976,0.7813
86,2,"[1260, 251, 1920, 656]",Fiat_Doblo_Van,0.9111,0.1321,Black,0.9314,MHO2FN3093,0.8145,0.743
86,3,"[267, 289, 884, 773]",Jeep_Compass_SUV,0.7923,0.9494,Red,0.9996,MH47AB1483,0.9261,0.7459
87,1,"[793, 272, 1524, 711]",Maruti Suzuki_Vitara_SUV,0.9406,0.1144,White,0.9628,MH02FN3093,0.8151,0.7844
87,2,"[1262, 250, 1920, 657]",Fiat_Ducato_Van,0.9192,0.2588,Black,0.7933,MH02FN3093,0.8658,0.7553
87,3,"[272, 289, 888, 772]",Jeep_Compass_SUV,0.7659,0.935,Red,0.9997,MH47AB1483,0.9503,0.7546
88,1,"[796, 271, 1529, 711]",Suzuki_Ignis_Crossover,0.9394,0.1815,White,0.9645,HH02FN3093,0.8186,0.7869
88,2,"[1266, 250, 1920, 657]",Toyota_Fortuner_SUV,0.9207,0.2936,Black,0.868,HH02FN3093,0.8498,0.7418
88,3,"[276, 289, 892, 772]",Jeep_Compass_SUV,0.7893,0.941,Red,0.9997,MH47AB1483,0.9807,0.758
89,1,"[800, 271, 1533, 711]",Suzuki_Ignis_Crossover,0.9461,0.2051,White,0.9716,MH02FN3093,0.83,0.7832
89,2,"[1270, 250, 1920, 657]",Toyota_Fortuner_SUV,0.9172,0.1255,Black,0.6854,MHO2FN3093,0.8564,0.7452
89,3,"[280, 288, 898, 773]",Jeep_Compass_SUV,0.8662,0.9319,Red,0.9998,MH47AB1483,0.9785,0.7432
90,1,"[805, 270, 1539, 712]",Suzuki_Ignis_Crossover,0.947,0.2087,White,0.9703,MH02FN3093,0.8244,0.8003
90,2,"[1272, 250, 1920, 657]",Fiat_Ducato_Van,0.917,0.2161,Black,0.9455,MH02FN3093,0.8541,0.7633
90,3,"[287, 288, 902, 771]",Jeep_Compass_SUV,0.8222,0.9061,Red,0.9998,MH47AB1483,0.9806,0.7612
91,1,"[810, 271, 1544, 711]",Suzuki_Ignis_Crossover,0.9456,0.1679,White,0.9696,MH02FN3093,0.875,0.7846
91,2,"[1278, 250, 1920, 657]",Toyota_Fortuner_SUV,0.9199,0.1361,Black,0.8818,MH02FN3093,0.8352,0.6864
91,3,"[292, 289, 906, 771]",Jeep_Compass_SUV,0.8031,0.89,Red,0.9997,MH47AB1483,0.9746,0.75
92,1,"[816, 270, 1550, 711]",Suzuki_Ignis_Crossover,0.9444,0.2077,White,0.9793,MHO2FN3093,0.8498,0.7893
92,2,"[1283, 251, 1920, 657]",Proton_Iriz_Hatchback,0.9249,0.1549,Black,0.7342,MH02FN3093,0.8478,0.7325
92,3,"[297, 289, 911, 770]",Jeep_Compass_SUV,0.814,0.9656,Red,0.9996,MH47AB1483,0.962,0.755
93,1,"[820, 270, 1556, 711]",Suzuki_Ignis_Crossover,0.9454,0.3157,White,0.9617,MHO2FN3093,0.8485,0.7772
93,2,"[1288, 251, 1920, 658]",Honda_Stepwgn_MPV,0.9207,0.4217,Black,0.8192,MH02FN3093,0.8089,0.6545
93,3,"[302, 288, 916, 770]",Jeep_Compass_SUV,0.835,0.9399,Red,0.9997,MH47AB1483,0.9632,0.7592
94,1,"[826, 270, 1560, 711]",Suzuki_Ignis_Crossover,0.9455,0.2277,White,0.978,HHO2FN3093,0.8243,0.7968
94,2,"[1293, 250, 1920, 658]",Fiat_Mobi_City Car,0.9179,0.1385,Black,0.6699,HHO2FN3093,0.809,0.7453
94,3,"[308, 288, 921, 769]",Jeep_Compass_SUV,0.7381,0.9101,Red,0.9997,MH47AB1483,0.9606,0.7614
95,1,"[829, 269, 1565, 711]",Suzuki_Ignis_Crossover,0.9446,0.3211,White,0.9669,HHO2FN3093,0.8119,0.7846
95,2,"[1297, 251, 1920, 659]",Maruti Suzuki_Wagon R_City Car,0.9213,0.1374,Black,0.9462,MH02FN3093,0.8367,0.7548
95,3,"[311, 286, 927, 770]",Jeep_Compass_SUV,0.7259,0.9405,Red,0.9998,MH47AB1483,0.9447,0.7394
96,1,"[833, 269, 1570, 711]",Suzuki_Ignis_Crossover,0.9442,0.2394,White,0.9738,MH02FN3093,0.7941,0.7833
96,2,"[1302, 250, 1920, 659]",Maruti Suzuki_Wagon R_City Car,0.9173,0.128,Black,0.9194,HHO2FN3093,0.8686,0.7397
96,3,"[316, 286, 931, 769]",Jeep_Compass_SUV,0.7349,0.9511,Red,0.9997,HH47AB1483,0.931,0.756
97,1,"[838, 269, 1575, 711]",Suzuki_Ignis_Crossover,0.9419,0.2453,White,0.9703,MHO2FN3093,0.8172,0.7849
97,2,"[1306, 251, 1920, 660]",Maruti Suzuki_Wagon R_City Car,0.9033,0.1496,Black,0.7145,MHO2FN3093,0.8716,0.7
97,3,"[321, 285, 936, 769]",Jeep_Compass_SUV,0.6536,0.9571,Red,0.9998,HH47AB1483,0.8919,0.7564
98,1,"[842, 270, 1580, 712]",Maruti Suzuki_Vitara_SUV,0.9347,0.2428,White,0.9732,MH02FN3093,0.8363,0.7777
98,2,"[1313, 251, 1920, 661]",Honda_Stepwgn_MPV,0.9088,0.1523,Black,0.8454,MH02FN3093,0.8668,0.7489
98,3,"[327, 285, 941, 768]",Jeep_Compass_SUV,0.7596,0.9647,Red,0.9998,MH47AB1483,0.9644,0.7565
99,1,"[848, 269, 1587, 711]",Suzuki_Ignis_Crossover,0.9414,0.2283,White,0.9698,HHO2FN3093,0.8308,0.785
99,2,"[1316, 251, 1920, 661]",Honda_Stepwgn_MPV,0.9224,0.3111,Black,0.8917,MHO2FN3093,0.8717,0.7487
99,3,"[333, 284, 946, 768]",Jeep_Compass_SUV,0.7422,0.9562,Red,0.9997,MH47AB1483,0.9708,0.7623
100,1,"[853, 269, 1592, 711]",Suzuki_Ignis_Crossover,0.9391,0.18,White,0.9741,HH02FN3093,0.8328,0.7849
100,2,"[1322, 252, 1920, 660]",Honda_N-Box_Microcar,0.8987,0.3273,Black,0.9118,MH02FN3093,0.8042,0.7356
100,3,"[340, 284, 952, 767]",Jeep_Compass_SUV,0.7067,0.9595,Red,0.9997,MH47AB1483,0.9808,0.7426
101,1,"[859, 269, 1597, 711]",Suzuki_Ignis_Crossover,0.9414,0.1684,White,0.9735,MH02FN3093,0.8611,0.7844
101,2,"[1329, 252, 1920, 660]",Honda_N-WGN_Microcar,0.887,0.6842,Black,0.9181,MH02FN3093,0.8608,0.7168
101,3,"[346, 284, 957, 766]",Honda_N-WGN_Microcar,0.5428,0.6842,Red,0.9998,MH47AB1483,0.9816,0.7447
101,27,"[26, 262, 257, 736]",Toyota_Auris_Hatchback,0.8296,0.0516,White,0.7024,336,0.9984,0.6582
102,1,"[866, 269, 1603, 711]",Suzuki_Ignis_Crossover,0.9368,0.1976,White,0.9732,MHO2FN3093,0.7853,0.7777
102,2,"[1333, 251, 1920, 660]",Honda_N-WGN_Microcar,0.8906,0.4199,Black,0.8816,MHO2FN3093,0.849,0.6515
102,3,"[352, 284, 962, 764]",Jeep_Compass_SUV,0.7049,0.895,Red,0.9998,MH47AB1483,0.9778,0.745
102,27,"[26, 265, 262, 736]",Toyota_Rush_SUV,0.8876,0.1069,White,0.8578,336,0.9978,0.6428
103,1,"[872, 269, 1611, 711]",Maruti Suzuki_Vitara_SUV,0.9397,0.2629,White,0.9708,MH02FN3093,0.8483,0.7804
103,2,"[1341, 251, 1920, 661]",Honda_Stepwgn_MPV,0.9162,0.2789,Black,0.9159,HH02FN3093,0.7996,0.6911
103,3,"[358, 283, 967, 763]",Jeep_Compass_SUV,0.7823,0.9178,Red,0.9998,MH47AB1483,0.9782,0.7271
103,27,"[26, 264, 267, 735]",Toyota_Rush_SUV,0.8686,0.1592,White,0.9629,6336,0.9976,0.6951
104,1,"[876, 269, 1616, 711]",Suzuki_Ignis_Crossover,0.944,0.2554,White,0.9718,MHO2FN3093,0.8521,0.7861
104,2,"[1345, 251, 1920, 661]",Honda_Stepwgn_MPV,0.9142,0.3409,Black,0.9458,HHO2FN3093,0.837,0.7124
104,3,"[362, 283, 971, 763]",Jeep_Compass_SUV,0.7989,0.9141,Red,0.9998,MH47AB1483,0.9685,0.7356
104,27,"[26, 264, 272, 735]",Toyota_Rush_SUV,0.8967,0.1558,White,0.9817,6336,0.9982,0.7097
105,1,"[881, 268, 1622, 711]",Maruti Suzuki_Vitara_SUV,0.9364,0.15,White,0.967,HHO2FN3093,0.8174,0.7843
105,2,"[1350, 251, 1920, 662]",Honda_N-WGN_Microcar,0.9101,0.3223,Black,0.9877,MHO2FN3093,0.8243,0.7161
105,3,"[367, 283, 977, 763]",Jeep_Compass_SUV,0.8253,0.9101,Red,0.9998,MH47AB1483,0.973,0.7438
105,27,"[26, 263, 278, 734]",Toyota_Rush_SUV,0.8741,0.2515,White,0.9759,6336,0.9948,0.7446
106,1,"[887, 268, 1627, 711]",Suzuki_Ignis_Crossover,0.9429,0.1498,White,0.9729,HHO2FN3093,0.7975,0.7841
106,2,"[1355, 251, 1920, 663]",Honda_N-WGN_Microcar,0.9172,0.1627,Black,0.9621,HHO2FN3093,0.7939,0.6927
106,3,"[373, 283, 982, 762]",Jeep_Compass_SUV,0.7732,0.9108,Red,0.9998,MH47AB1483,0.9546,0.7431
106,27,"[28, 265, 283, 733]",Toyota_Rush_SUV,0.8774,0.2071,White,0.9895,P6336,0.9874,0.7582
107,1,"[889, 268, 1632, 712]",Suzuki_Ignis_Crossover,0.9328,0.1587,White,0.9756,HHO2FN3093,0.8518,0.7844
107,2,"[1359, 251, 1920, 663]",Honda_N-WGN_Microcar,0.9163,0.4583,Black,0.9622,MHO2FN3093,0.8441,0.6753
107,3,"[379, 283, 987, 761]",Jeep_Compass_SUV,0.7894,0.9135,Red,0.9998,MH47AB1483,0.9766,0.728
107,27,"[27, 262, 289, 732]",Toyota_Rush_SUV,0.8772,0.1467,White,0.9929,P6336,0.9876,0.7445
108,1,"[895, 268, 1638, 711]",Suzuki_Ignis_Crossover,0.9366,0.1648,White,0.975,MHO2FN3093,0.8357,0.8073
108,2,"[1363, 251, 1920, 663]",Honda_N-WGN_Microcar,0.9172,0.3457,Black,0.9012,MHO2FN3093,0.8748,0.6318
108,3,"[384, 282, 993, 761]",Jeep_Compass_SUV,0.7927,0.954,Red,0.9998,MH47AB1483,0.9808,0.732
108,27,"[27, 263, 294, 731]",Toyota_Rush_SUV,0.8905,0.0925,White,0.9727,EP6336,0.992,0.7215
109,1,"[899, 268, 1644, 712]",Suzuki_Ignis_Crossover,0.9441,0.2301,White,0.9773,MHO2FN3093,0.8187,0.7917
109,2,"[1366, 251, 1920, 664]",Honda_N-WGN_Microcar,0.9083,0.3311,Black,0.9594,MHO2FN3093,0.82,0.7155
109,3,"[391, 283, 997, 760]",Jeep_Compass_SUV,0.732,0.8888,Red,0.9998,MH47AB1483,0.9756,0.7164
109,27,"[27, 262, 300, 730]",Toyota_Land Cruiser_SUV,0.8843,0.1872,White,0.9464,EP6336,0.9966,0.7417
110,1,"[905, 268, 1650, 712]",Suzuki_Ignis_Crossover,0.9438,0.1946,White,0.976,MHO2FN3093,0.8285,0.7904
110,2,"[1373, 251, 1920, 666]",Honda_N-WGN_Microcar,0.9166,0.3111,Black,0.9097,MH02FN3093,0.8328,0.7254
110,3,"[396, 283, 1002, 760]",Jeep_Compass_SUV,0.7341,0.867,Red,0.9999,MH47AB1483,0.9611,0.7294
110,27,"[27, 263, 305, 729]",Toyota_Land Cruiser_SUV,0.9161,0.1566,White,0.9278,BEP6336,0.9304,0.7668
111,1,"[912, 268, 1656, 711]",Suzuki_Ignis_Crossover,0.9444,0.1335,White,0.9697,MHO2FN3093,0.8201,0.7999
111,2,"[1378, 251, 1920, 667]",Fiat_Ducato_Van,0.9222,0.1835,Black,0.7807,MHO2FN3093,0.7767,0.6423
111,3,"[401, 283, 1007, 759]",Fiat_Ducato_Van,0.5355,0.1835,Red,0.9998,MH47AB1483,0.9726,0.7328
111,27,"[27, 261, 311, 730]",Toyota_Land Cruiser_SUV,0.8871,0.208,White,0.8656,3EP6336,0.9961,0.7526
112,1,"[916, 268, 1661, 712]",Maruti Suzuki_Vitara_SUV,0.9359,0.1402,White,0.975,MHO2FN3093,0.8159,0.7892
112,2,"[1385, 250, 1920, 667]",Volkswagen_Crafter_Van,0.9179,0.3723,Black,0.9047,MH02FN3093,0.801,0.6875
112,3,"[406, 282, 1012, 758]",Jeep_Compass_SUV,0.5063,0.8967,Red,0.9998,MH47AB1483,0.9464,0.7274
112,27,"[27, 261, 316, 729]",Toyota_Land Cruiser_SUV,0.8463,0.2747,White,0.6542,3EP6336,0.9935,0.7524
113,1,"[920, 268, 1667, 712]",Suzuki_Ignis_Crossover,0.9428,0.1494,White,0.9775,MH02FN3093,0.8353,0.7905
113,2,"[1390, 250, 1920, 667]",Honda_N-WGN_Microcar,0.9148,0.3736,Black,0.7751,MH02FN3093,0.8362,0.6564
113,3,"[411, 282, 1018, 759]",Jeep_Compass_SUV,0.5458,0.9395,Red,0.9999,MH47AB1483,0.9727,0.7278
113,27,"[25, 259, 321, 729]",Toyota_Land Cruiser_SUV,0.745,0.339,White,0.8404,03EP6336,0.9847,0.7494
113,42,"[409, 282, 1016, 758]",Toyota_Land Cruiser_SUV,0.4366,0.339,Red,0.9998,MH47AB1483,0.948,0.6088
114,1,"[926, 268, 1674, 712]",Maruti Suzuki_Vitara_SUV,0.9445,0.1836,White,0.9705,MHO2FN3093,0.8019,0.7913
114,2,"[1395, 251, 1920, 667]",Honda_N-WGN_Microcar,0.9122,0.122,Black,0.9739,MH02FN3093,0.8417,0.6757
114,3,"[416, 282, 1023, 759]",Jeep_Compass_SUV,0.668,0.9462,Red,0.9998,MH47AB1483,0.9658,0.7296
114,27,"[26, 259, 327, 728]",Toyota_Land Cruiser_SUV,0.8402,0.3792,White,0.7698,03EP6336,0.986,0.7438
115,1,"[930, 267, 1678, 711]",Maruti Suzuki_Vitara_SUV,0.9456,0.1461,White,0.9692,MHO2FN3093,0.8146,0.805
115,2,"[1401, 251, 1920, 668]",Mercedes-Benz_Vito_Van,0.8956,0.145,Black,0.9415,MHO2FN3093,0.8295,0.6666
115,3,"[421, 282, 1027, 759]",Jeep_Compass_SUV,0.6365,0.9508,Red,0.9998,MH47AB1483,0.948,0.7319
115,27,"[27, 261, 332, 729]",Toyota_Land Cruiser_SUV,0.8343,0.3027,White,0.7802,103EP6336,0.9809,0.7128
116,1,"[934, 267, 1683, 712]",Suzuki_Ignis_Crossover,0.9381,0.1775,White,0.9685,MH02FM3093,0.8387,0.7833
116,2,"[1408, 251, 1920, 668]",Honda_Life_Microcar,0.902,0.1165,Black,0.8964,MH02FN3093,0.8037,0.6643
116,3,"[426, 282, 1031, 758]",Jeep_Compass_SUV,0.5539,0.9804,Red,0.9998,MH47AB1483,0.9505,0.7361
116,27,"[27, 259, 338, 729]",Toyota_Fortuner_SUV,0.8228,0.2885,White,0.8794,H03EP6336,0.9623,0.7307
117,1,"[934, 267, 1686, 712]",Maruti Suzuki_Vitara_SUV,0.934,0.225,White,0.9731,MH02FN3093,0.8261,0.7774
117,2,"[1411, 251, 1920, 668]",Honda_Life_Microcar,0.8966,0.1753,Black,0.8094,MH02FN3093,0.8678,0.7049
117,3,"[432, 281, 1036, 757]",Jeep_Compass_SUV,0.7594,0.963,Red,0.9996,MH47AB1483,0.9382,0.7371
117,27,"[26, 260, 343, 728]",Toyota_Land Cruiser_SUV,0.8794,0.3309,White,0.854,H03EP6336,0.9646,0.7332
118,1,"[939, 266, 1692, 712]",Maruti Suzuki_Vitara_SUV,0.9386,0.1616,White,0.9754,MH02FN3093,0.8116,0.7743
118,2,"[1415, 251, 1920, 669]",Honda_Life_Microcar,0.902,0.457,Black,0.878,MH02FN3093,0.836,0.6977
118,3,"[436, 280, 1041, 756]",Jeep_Compass_SUV,0.5613,0.9534,Red,0.9996,MH47AB1483,0.962,0.7397
118,27,"[27, 259, 347, 725]",Toyota_Land Cruiser_SUV,0.8588,0.6,White,0.8815,1H03EP6336,0.9764,0.7545
119,1,"[946, 266, 1701, 712]",Honda_N-Box_Microcar,0.9353,0.1341,White,0.9738,MH02FM3093,0.8453,0.8096
119,2,"[1422, 250, 1920, 669]",Honda_Life_Microcar,0.8997,0.2517,Black,0.7739,MH02FN3093,0.8548,0.6908
119,3,"[441, 280, 1046, 756]",Jeep_Compass_SUV,0.7715,0.9359,Red,0.9996,MH47AB1483,0.9706,0.7428
119,27,"[28, 261, 353, 725]",Toyota_Land Cruiser_SUV,0.8744,0.3941,White,0.9084,MH03EP6336,0.9597,0.7864
120,1,"[953, 266, 1708, 712]",Suzuki_Ignis_Crossover,0.9393,0.1802,White,0.9681,MHO2FN3093,0.8571,0.8024
120,2,"[1427, 250, 1920, 670]",Toyota_Voxy_MPV,0.9067,0.2097,Black,0.7106,HHO2FN3093,0.8622,0.6716
120,3,"[447, 280, 1051, 755]",Jeep_Compass_SUV,0.6803,0.9112,Red,0.9996,MH47AB1483,0.9462,0.7444
120,27,"[27, 259, 359, 725]",Toyota_Land Cruiser_SUV,0.8534,0.4612,White,0.8839,MHO3EP6336,0.9594,0.734
121,1,"[958, 266, 1714, 712]",Suzuki_Ignis_Crossover,0.9405,0.349,White,0.9519,MHO2FN3093,0.8601,0.8117
121,2,"[1433, 250, 1920, 670]",Honda_Life_Microcar,0.8972,0.1886,Black,0.697,MHO2FN3093,0.8732,0.7066
121,3,"[451, 279, 1056, 755]",Jeep_Compass_SUV,0.7223,0.887,Red,0.9994,MH47AB1483,0.9857,0.7199
121,27,"[27, 259, 363, 724]",Toyota_Land Cruiser_SUV,0.8621,0.4289,White,0.8719,MH03EP6336,0.9649,0.7062
122,1,"[962, 266, 1720, 712]",Suzuki_Ignis_Crossover,0.9366,0.3217,White,0.9571,MH02FN3093,0.8427,0.7876
122,2,"[1437, 250, 1920, 670]",Honda_Stepwgn_MPV,0.8772,0.318,Black,0.6326,MHO2FN3093,0.8724,0.6921
122,3,"[455, 279, 1059, 754]",Jeep_Compass_SUV,0.6125,0.8782,Red,0.9996,MH47AB1483,0.977,0.7295
122,27,"[26, 259, 367, 723]",Toyota_Land Cruiser_SUV,0.8599,0.4373,White,0.6356,MH03EP6336,0.9505,0.7101
123,1,"[966, 265, 1724, 712]",Suzuki_Ignis_Crossover,0.9357,0.3988,White,0.9623,MHO2FN3093,0.8505,0.7984
123,2,"[1443, 250, 1920, 670]",Honda_Life_Microcar,0.896,0.1476,Black,0.7558,MHO2FN3093,0.8263,0.7187
123,3,"[459, 279, 1064, 754]",Jeep_Compass_SUV,0.6782,0.838,Red,0.9998,MH47AB1483,0.9751,0.7213
123,27,"[25, 258, 372, 723]",Toyota_Land Cruiser_SUV,0.8447,0.3896,White,0.6391,MH03EP6336,0.9191,0.7527
124,1,"[971, 265, 1730, 713]",Suzuki_Ignis_Crossover,0.938,0.1318,White,0.9627,MHO2FN3093,0.8326,0.7892
124,2,"[1447, 249, 1920, 670]",Lexus_LX 570_SUV,0.8763,0.177,Black,0.812,MHO2FN3093,0.8853,0.6902
124,3,"[462, 279, 1067, 754]",Jeep_Compass_SUV,0.7092,0.9394,Red,0.9999,MH47AB1483,0.9715,0.73
124,27,"[25, 260, 376, 723]",Toyota_Fortuner_SUV,0.8448,0.3198,White,0.4648,MH03EP6336,0.9655,0.7109
125,1,"[973, 265, 1733, 712]",Suzuki_Ignis_Crossover,0.938,0.3495,White,0.9614,HHO2FN3093,0.8253,0.8099
125,2,"[1450, 249, 1920, 670]",Honda_Life_Microcar,0.8885,0.4236,Black,0.5209,MHO2FN3093,0.8896,0.707
125,3,"[467, 280, 1071, 754]",Jeep_Compass_SUV,0.8416,0.9243,Red,0.9998,MH47AB1483,0.9722,0.7349
125,27,"[25, 260, 380, 722]",Toyota_Fortuner_SUV,0.8568,0.3251,Grey,0.51,MH03EP6336,0.9361,0.7105
126,1,"[979, 266, 1737, 712]",Maruti Suzuki_Vitara_SUV,0.9379,0.1723,White,0.96,MHO2FN3093,0.8878,0.7991
126,2,"[1455, 249, 1920, 668]",Lexus_LX 570_SUV,0.8732,0.1605,Black,0.4041,MH02FN3093,0.8883,0.7058
126,3,"[471, 280, 1075, 753]",Jeep_Compass_SUV,0.8077,0.7743,Red,0.9998,MH47AB1483,0.9816,0.7223
126,27,"[24, 256, 387, 722]",Toyota_Land Cruiser_SUV,0.8635,0.2865,White,0.6649,MH03EP6336,0.9399,0.7035
127,1,"[982, 266, 1742, 713]",Suzuki_Ignis_Crossover,0.9388,0.1755,White,0.9617,HH02FN3093,0.816,0.7885
127,2,"[1459, 249, 1920, 669]",Mercedes-Benz_Vito_Van,0.8759,0.211,Black,0.569,HH02FN3093,0.8488,0.6736
127,3,"[475, 280, 1078, 753]",Jeep_Compass_SUV,0.8394,0.898,Red,0.9999,MH47AB1483,0.9741,0.7333
127,27,"[24, 257, 390, 721]",Toyota_Land Cruiser_SUV,0.8829,0.3165,White,0.7061,MH03EP6336,0.9225,0.7109
128,1,"[984, 265, 1747, 714]",Suzuki_Ignis_Crossover,0.9385,0.1929,White,0.9534,HHO2FN3093,0.8581,0.787
128,2,"[1461, 249, 1920, 669]",Lexus_LX 570_SUV,0.8917,0.215,Black,0.3552,MHO2FN3093,0.8604,0.6176
128,3,"[478, 279, 1082, 753]",Jeep_Compass_SUV,0.8129,0.8977,Red,0.9999,MH47AB1483,0.9739,0.7335
128,27,"[25, 260, 393, 719]",Toyota_Land Cruiser_SUV,0.8843,0.3147,White,0.5983,MH03EP6336,0.9459,0.706
129,1,"[984, 265, 1749, 714]",Maruti Suzuki_Vitara_SUV,0.9392,0.2013,White,0.9597,MHO2FN3093,0.8781,0.8189
129,3,"[482, 279, 1086, 753]",Jeep_Compass_SUV,0.7164,0.9192,Red,0.9998,MH47AB1483,0.9849,0.7285
129,27,"[24, 257, 397, 718]",Toyota_Land Cruiser_SUV,0.8943,0.3865,White,0.7697,MHO3EP6336,0.9413,0.7034
130,1,"[987, 265, 1752, 714]",Maruti Suzuki_Vitara_SUV,0.9394,0.1783,White,0.9525,MHO2FN3093,0.826,0.7823
130,3,"[486, 280, 1090, 753]",Jeep_Compass_SUV,0.622,0.9047,Red,0.9998,MH47AB1483,0.9864,0.7239
130,27,"[24, 259, 402, 719]",Toyota_Land Cruiser_SUV,0.8653,0.3299,White,0.8579,MHO3EP6336,0.9298,0.7097
131,1,"[991, 265, 1757, 715]",Maruti Suzuki_Vitara_SUV,0.9343,0.1617,White,0.9562,MH02FN3093,0.8207,0.8104
131,2,"[1478, 250, 1920, 669]",Lexus_LX 570_SUV,0.8572,0.228,Silver,0.3836,MHO2FN3093,0.833,0.6055
131,3,"[489, 279, 1094, 753]",Jeep_Compass_SUV,0.7554,0.9066,Red,0.9999,MH47AB1483,0.9826,0.7103
131,27,"[24, 260, 405, 719]",Toyota_Fortuner_SUV,0.8846,0.5355,White,0.8745,MH03EP6336,0.9586,0.7165
132,1,"[996, 265, 1761, 714]",Suzuki_Ignis_Crossover,0.9413,0.1519,White,0.9577,MHO2FN3093,0.8026,0.7898
132,2,"[1483, 251, 1920, 666]",Tata_Hexa_SUV,0.8087,0.5618,Silver,0.3344,MH02FN3093,0.8655,0.6145
132,3,"[494, 279, 1098, 753]",Jeep_Compass_SUV,0.764,0.806,Red,0.9998,MH47AB1483,0.9864,0.7142
132,27,"[22, 257, 410, 719]",Toyota_Land Cruiser_SUV,0.8847,0.3068,White,0.7772,MH03EP6336,0.954,0.7162
133,1,"[1000, 266, 1765, 714]",Suzuki_Ignis_Crossover,0.9356,0.2333,White,0.9383,MH02FN3093,0.8373,0.8111
133,2,"[1486, 250, 1920, 667]",Lexus_RX 450h_SUV,0.8686,0.3362,White,0.3466,MHO2FN3093,0.8678,0.643
133,3,"[497, 279, 1101, 752]",Jeep_Compass_SUV,0.6607,0.8292,Red,0.9998,MH47AB1483,0.9836,0.7204
133,27,"[22, 257, 415, 719]",Toyota_Fortuner_SUV,0.8178,0.4149,White,0.6897,MH03EP6336,0.9406,0.7183
134,1,"[1004, 266, 1769, 715]",Suzuki_Ignis_Crossover,0.9402,0.19,White,0.9434,HH02FN3093,0.8227,0.8143
134,2,"[1490, 250, 1920, 668]",Tata_Hexa_SUV,0.8553,0.3841,Silver,0.4195,HH02FN3093,0.843,0.6784
134,3,"[499, 280, 1103, 752]",Jeep_Compass_SUV,0.6706,0.792,Red,0.9998,MH47AB1483,0.9816,0.7314
134,27,"[20, 257, 419, 720]",Toyota_Fortuner_SUV,0.8142,0.374,White,0.4466,MH03EP6336,0.9027,0.739
135,1,"[1007, 266, 1772, 715]",Suzuki_Ignis_Crossover,0.9367,0.1516,White,0.9454,HH02FN3093,0.8332,0.8035
135,2,"[1493, 251, 1920, 668]",Tata_Hexa_SUV,0.8709,0.2595,Silver,0.4532,MHO2FN3093,0.8833,0.6435
135,3,"[500, 279, 1105, 753]",Jeep_Compass_SUV,0.5497,0.8991,Red,0.9999,MH47AB1483,0.9488,0.7275
135,27,"[20, 258, 421, 721]",Toyota_Fortuner_SUV,0.8459,0.377,White,0.5392,MH03EP6336,0.95,0.7293
136,1,"[1008, 266, 1774, 716]",Maruti Suzuki_Vitara_SUV,0.9395,0.2549,White,0.9443,HH02FN3093,0.8335,0.7972
136,2,"[1497, 251, 1920, 669]",Tata_Hexa_SUV,0.8621,0.3522,Silver,0.4517,HHO2FN3093,0.8427,0.7052
136,3,"[502, 279, 1108, 753]",Jeep_Compass_SUV,0.5689,0.8973,Red,0.9998,MH47AB1483,0.9639,0.7222
136,27,"[17, 256, 426, 723]",Toyota_Fortuner_SUV,0.7786,0.3933,Grey,0.5834,MH03EP6336,0.9592,0.7282
137,1,"[1010, 266, 1777, 716]",Maruti Suzuki_Vitara_SUV,0.9453,0.1839,White,0.9471,HH02FN3093,0.8344,0.7893
137,2,"[1499, 251, 1920, 669]",Tata_Hexa_SUV,0.8289,0.5081,Black,0.3951,MH02FN3093,0.8454,0.6981
137,3,"[505, 279, 1112, 754]",Jeep_Compass_SUV,0.5628,0.9445,Red,0.9998,MH47AB1483,0.981,0.7027
137,27,"[17, 257, 430, 725]",Toyota_Fortuner_SUV,0.7686,0.3834,Grey,0.3414,MH03EP6336,0.9624,0.7271
138,1,"[1012, 267, 1778, 716]",Maruti Suzuki_Vitara_SUV,0.9469,0.176,White,0.9418,HHO2FN3093,0.7885,0.8228
138,2,"[1503, 252, 1920, 669]",Tata_Hexa_SUV,0.8554,0.3426,Silver,0.3788,HHO2FN3093,0.8437,0.6949
138,3,"[507, 280, 1113, 754]",Jeep_Compass_SUV,0.7099,0.9373,Red,0.9998,MH47AB1483,0.9839,0.7161
138,27,"[17, 255, 433, 723]",Toyota_Land Cruiser_SUV,0.7751,0.3494,White,0.505,MH03EP6336,0.9482,0.7334
139,1,"[1014, 267, 1779, 716]",Suzuki_Ignis_Crossover,0.9387,0.2188,White,0.9531,MH02FN3093,0.8244,0.789
139,2,"[1506, 252, 1920, 669]",Tata_Hexa_SUV,0.8698,0.3699,Silver,0.4426,MHO2FN3093,0.8387,0.7237
139,3,"[510, 280, 1114, 754]",Jeep_Compass_SUV,0.6102,0.9272,Red,0.9998,MH47AB1483,0.9841,0.7246
139,27,"[16, 256, 436, 723]",Toyota_Land Cruiser_SUV,0.7793,0.3201,Grey,0.5923,MH03EP6336,0.9381,0.7393
140,1,"[1016, 267, 1782, 717]",Suzuki_Ignis_Crossover,0.9414,0.232,White,0.9331,MHO2FN3093,0.8519,0.8072
140,2,"[1509, 253, 1920, 669]",Lexus_RX 450h_SUV,0.8525,0.2672,Silver,0.4032,MHO2FN3093,0.8253,0.6856
140,3,"[512, 281, 1116, 755]",Jeep_Compass_SUV,0.5492,0.9341,Red,0.9999,MH47AB1483,0.9808,0.7186
140,27,"[16, 257, 439, 724]",Toyota_Fortuner_SUV,0.7395,0.3014,Silver,0.377,MH03EP6336,0.9526,0.73
141,1,"[1017, 267, 1784, 717]",Suzuki_Ignis_Crossover,0.9336,0.2056,White,0.942,HHO2FN3093,0.7962,0.7972
141,2,"[1512, 252, 1920, 668]",Lexus_LX 570_SUV,0.8358,0.3745,Silver,0.3621,MHO2FN3093,0.839,0.7165
141,3,"[513, 281, 1117, 755]",Jeep_Compass_SUV,0.648,0.9424,Red,0.9999,MH47AB1483,0.97,0.7286
141,27,"[15, 256, 442, 724]",Toyota_Fortuner_SUV,0.718,0.3492,White,0.5402,MH03EP6336,0.9573,0.7384
142,1,"[1019, 268, 1786, 718]",Suzuki_Ignis_Crossover,0.9419,0.1852,White,0.9324,MHO2FN3093,0.8491,0.8168
142,2,"[1514, 253, 1920, 668]",Lexus_LX 570_SUV,0.8571,0.2008,Silver,0.3126,HH02FN3093,0.8279,0.697
142,3,"[514, 281, 1118, 755]",Jeep_Compass_SUV,0.7028,0.9093,Red,0.9999,MH47AB1483,0.9711,0.7415
142,27,"[14, 258, 443, 725]",Toyota_Fortuner_SUV,0.7635,0.3107,Grey,0.4618,MH03EP6336,0.9641,0.7286
143,1,"[1017, 268, 1785, 718]",Suzuki_Ignis_Crossover,0.9405,0.1843,White,0.9344,MH02FN3093,0.8168,0.7929
143,2,"[1516, 253, 1920, 668]",Toyota_Innova_MPV,0.8227,0.2191,Black,0.4152,MHO2FN3093,0.8225,0.6859
143,3,"[516, 282, 1119, 755]",Jeep_Compass_SUV,0.6483,0.972,Red,0.9999,MH47AB1483,0.9713,0.7306
143,27,"[14, 258, 444, 724]",Toyota_Fortuner_SUV,0.7867,0.4523,Silver,0.5147,MH03EP6336,0.9522,0.73
144,1,"[1018, 268, 1786, 719]",Maruti Suzuki_Vitara_SUV,0.9409,0.1612,White,0.9399,MH02FN3093,0.786,0.7841
144,2,"[1517, 254, 1920, 668]",Lexus_LX 570_SUV,0.8469,0.3103,Black,0.3744,HH02FN3093,0.8221,0.642
144,3,"[518, 283, 1120, 755]",Jeep_Compass_SUV,0.6095,0.972,Red,0.9999,MH47AB1483,0.9771,0.7203
144,27,"[14, 259, 445, 723]",Toyota_Fortuner_SUV,0.7555,0.4665,Silver,0.3711,MH03EP6336,0.9622,0.7322
145,1,"[1019, 269, 1787, 720]",Maruti Suzuki_Vitara_SUV,0.9436,0.1611,White,0.9542,MH02FN3093,0.7837,0.7967
145,2,"[1519, 255, 1920, 667]",Lexus_LX 570_SUV,0.859,0.3805,White,0.2823,MHO2FN3093,0.8213,0.6783
145,3,"[519, 283, 1121, 755]",Jeep_Compass_SUV,0.6883,0.9488,Red,0.9999,MH47AB1483,0.9765,0.7234
145,27,"[13, 260, 446, 723]",Toyota_Fortuner_SUV,0.7269,0.4835,Silver,0.4383,MH03EP6336,0.9441,0.7419
146,1,"[1019, 270, 1788, 720]",Suzuki_Ignis_Crossover,0.9459,0.1666,White,0.9542,MHO2FN3093,0.8864,0.8104
146,2,"[1522, 256, 1920, 667]",Lexus_LX 570_SUV,0.8657,0.3722,White,0.3296,MHO2FN3093,0.8492,0.6747
146,3,"[520, 283, 1121, 755]",Jeep_Compass_SUV,0.8086,0.9509,Red,0.9999,MH47AB1483,0.9517,0.7372
146,27,"[11, 256, 450, 723]",Toyota_Fortuner_SUV,0.7909,0.326,Grey,0.5647,MH03EP6336,0.9419,0.7406
147,1,"[1020, 271, 1788, 721]",Suzuki_Ignis_Crossover,0.9394,0.1584,White,0.9507,MH02FN3093,0.8163,0.8152
147,2,"[1522, 257, 1920, 669]",Lexus_LX 570_SUV,0.7841,0.2325,Silver,0.3032,MH02FN3093,0.8534,0.6586
147,3,"[520, 284, 1121, 755]",Jeep_Compass_SUV,0.8392,0.9554,Red,0.9999,MH47AB1483,0.9443,0.7431
147,27,"[11, 259, 450, 724]",Toyota_Fortuner_SUV,0.8267,0.3723,Grey,0.5538,MH03EP6336,0.9497,0.7341
148,1,"[1021, 271, 1789, 721]",Maruti Suzuki_Vitara_SUV,0.9452,0.2089,White,0.9436,MHO2FN3093,0.8438,0.8122
148,2,"[1523, 257, 1920, 669]",Lexus_LX 570_SUV,0.85,0.2434,White,0.3719,MH02FN3093,0.8776,0.647
148,3,"[520, 283, 1122, 755]",Jeep_Compass_SUV,0.822,0.9639,Red,0.9999,MH47AB1483,0.9612,0.7406
148,27,"[10, 260, 451, 724]",Toyota_Fortuner_SUV,0.8158,0.4806,Grey,0.7323,MHO3EP6336,0.9576,0.7378
149,1,"[1021, 271, 1789, 721]",Suzuki_Ignis_Crossover,0.9453,0.1535,White,0.9396,HH02FN3093,0.8655,0.7992
149,2,"[1524, 257, 1920, 669]",Lexus_LX 570_SUV,0.8427,0.2106,White,0.3671,MHO2FN3093,0.9103,0.6684
149,3,"[521, 284, 1122, 756]",Jeep_Compass_SUV,0.8332,0.9469,Red,0.9999,MH47AB1483,0.9593,0.7409
149,27,"[9, 261, 452, 726]",Toyota_Fortuner_SUV,0.8401,0.4562,Grey,0.811,MH03EP6336,0.9574,0.7357
150,1,"[1021, 272, 1789, 721]",Suzuki_Ignis_Crossover,0.9489,0.123,White,0.9311,HHO2FN3093,0.8352,0.7807
150,2,"[1526, 258, 1920, 669]",Lexus_LX 570_SUV,0.8515,0.2239,White,0.3949,MH02FN3093,0.8526,0.6557
150,3,"[521, 284, 1122, 756]",Jeep_Compass_SUV,0.8357,0.9444,Red,0.9999,MH47AB1483,0.9731,0.7223
150,27,"[7, 260, 454, 727]",Toyota_Fortuner_SUV,0.779,0.4612,Grey,0.5233,MH03EP6336,0.9623,0.7279
151,1,"[1019, 272, 1788, 722]",Suzuki_Ignis_Crossover,0.9488,0.1697,White,0.9557,MHO2FN3093,0.8556,0.7841
151,2,"[1526, 258, 1920, 670]",Lexus_LX 570_SUV,0.8623,0.2933,Black,0.5041,HH02FN3093,0.856,0.6718
151,3,"[521, 284, 1123, 756]",Jeep_Compass_SUV,0.766,0.849,Red,0.9999,MH47AB1483,0.9719,0.7397
151,27,"[6, 259, 456, 729]",Toyota_Fortuner_SUV,0.7107,0.4137,Silver,0.3697,MH03EP6336,0.9679,0.7033
152,1,"[1021, 273, 1790, 722]",Maruti Suzuki_Vitara_SUV,0.9498,0.1475,White,0.9388,HHO2FN3093,0.8733,0.7849
152,2,"[1527, 259, 1920, 669]",Lexus_LX 570_SUV,0.8482,0.255,White,0.3423,MHO2FN3093,0.8851,0.6843
152,3,"[521, 284, 1123, 756]",Jeep_Compass_SUV,0.8094,0.9387,Red,0.9998,MH47AB1483,0.9813,0.7356
152,27,"[6, 261, 456, 728]",Toyota_Fortuner_SUV,0.7807,0.4608,Grey,0.4519,MH03EP6336,0.9693,0.7185
153,1,"[1022, 273, 1790, 723]",Maruti Suzuki_Vitara_SUV,0.9456,0.1594,White,0.9629,MHO2FN3093,0.8443,0.8116
153,2,"[1528, 259, 1920, 670]",Lexus_LX 570_SUV,0.8511,0.3054,White,0.364,MHO2FN3093,0.8111,0.6654
153,3,"[522, 284, 1123, 757]",Jeep_Compass_SUV,0.739,0.9468,Red,0.9998,MH47AB1483,0.9787,0.7416
153,27,"[6, 263, 456, 729]",Toyota_Fortuner_SUV,0.7104,0.4134,Grey,0.5254,MH03EP6336,0.9701,0.7096
154,1,"[1023, 274, 1791, 724]",Maruti Suzuki_Vitara_SUV,0.9479,0.1618,White,0.9576,MHO2FN3093,0.8324,0.7956
154,2,"[1528, 260, 1920, 670]",Lexus_LX 570_SUV,0.8472,0.2369,White,0.5985,MH02FN3093,0.8416,0.6285
154,3,"[522, 285, 1123, 757]",Jeep_Compass_SUV,0.7768,0.9157,Red,0.9999,MH47AB1483,0.9831,0.7486
154,27,"[7, 265, 456, 729]",Toyota_Fortuner_SUV,0.8079,0.4673,Grey,0.5731,MH03EP6336,0.9439,0.6993
155,1,"[1024, 275, 1792, 724]",Suzuki_Ignis_Crossover,0.9461,0.2119,White,0.9447,MHO2FN3093,0.8496,0.8232
155,2,"[1528, 260, 1920, 671]",Toyota_Innova_MPV,0.8512,0.1815,White,0.579,MH02FN3093,0.8413,0.6637
155,3,"[522, 285, 1123, 758]",Jeep_Compass_SUV,0.7708,0.8697,Red,0.9998,MH47AB1483,0.9428,0.749
155,27,"[6, 266, 456, 730]",Toyota_Fortuner_SUV,0.77,0.5821,Grey,0.5804,MH03EP6336,0.9618,0.7102
156,1,"[1024, 275, 1791, 724]",Suzuki_Ignis_Crossover,0.9471,0.22,White,0.9375,MHO2FN3093,0.8738,0.8196
156,2,"[1528, 261, 1920, 671]",Lexus_LX 570_SUV,0.8402,0.2752,White,0.4261,MH02FN3093,0.8657,0.6767
156,3,"[522, 285, 1123, 758]",Jeep_Compass_SUV,0.7535,0.8783,Red,0.9999,HH47AB1483,0.9382,0.7475
156,27,"[6, 267, 457, 731]",Toyota_Fortuner_SUV,0.7895,0.4397,Grey,0.4664,MH03EP6336,0.9609,0.6995
157,1,"[1024, 275, 1792, 725]",Suzuki_Ignis_Crossover,0.9496,0.2169,White,0.947,MHO2FN3093,0.7998,0.7835
157,2,"[1528, 261, 1920, 671]",Lexus_LX 570_SUV,0.8486,0.1981,White,0.6361,MHO2FN3093,0.8379,0.6321
157,3,"[522, 286, 1123, 758]",Jeep_Compass_SUV,0.6849,0.8664,Red,0.9999,MH47AB1483,0.9517,0.7416
157,27,"[5, 266, 458, 731]",Toyota_Fortuner_SUV,0.8582,0.4892,Grey,0.5211,MH03EP6336,0.9654,0.7054
158,1,"[1025, 275, 1792, 725]",Suzuki_Ignis_Crossover,0.9516,0.1976,White,0.9435,MHO2FN3093,0.868,0.7845
158,2,"[1528, 261, 1920, 671]",Lexus_LX 570_SUV,0.8542,0.3753,White,0.6091,MHO2FN3093,0.8514,0.6726
158,3,"[523, 286, 1123, 758]",Jeep_Compass_SUV,0.6798,0.9024,Red,0.9998,MH47AB1483,0.9544,0.7477
158,27,"[5, 266, 458, 730]",Toyota_Fortuner_SUV,0.8422,0.4419,Grey,0.5835,MH03EP6336,0.9421,0.6978
159,1,"[1026, 276, 1792, 725]",Suzuki_Ignis_Crossover,0.9522,0.2792,White,0.9515,MHO2FN3093,0.8288,0.7862
159,2,"[1527, 261, 1919, 671]",Lexus_LX 570_SUV,0.8621,0.1763,White,0.5754,MH02FN3093,0.8672,0.6417
159,3,"[523, 286, 1123, 758]",Jeep_Compass_SUV,0.7314,0.9314,Red,0.9999,MH47AB1483,0.9494,0.7549
159,27,"[4, 265, 459, 730]",Toyota_Fortuner_SUV,0.8585,0.4051,Grey,0.4197,MH03EP6336,0.8879,0.7041
160,1,"[1026, 276, 1792, 725]",Suzuki_Ignis_Crossover,0.9482,0.2576,White,0.9253,MH02FN3093,0.8071,0.8215
160,2,"[1528, 261, 1920, 671]",Toyota_Fortuner_SUV,0.8611,0.2129,White,0.551,MHO2FN3093,0.847,0.706
160,3,"[523, 287, 1123, 759]",Jeep_Compass_SUV,0.5679,0.9192,Red,0.9999,MH47AB1483,0.9641,0.7396
160,27,"[3, 264, 460, 731]",Toyota_Fortuner_SUV,0.8503,0.5072,Grey,0.5246,MHO3EP6336,0.9374,0.7062
161,1,"[1027, 276, 1792, 725]",Suzuki_Ignis_Crossover,0.9491,0.2291,White,0.9458,MHO2FN3093,0.8002,0.8065
161,2,"[1528, 261, 1920, 671]",Lexus_LX 570_SUV,0.859,0.1748,White,0.5746,MH02FN3093,0.8072,0.7002
161,3,"[523, 287, 1124, 759]",Jeep_Compass_SUV,0.6591,0.9363,Red,0.9999,MH47AB1483,0.9404,0.7401
161,27,"[3, 264, 461, 731]",Toyota_Fortuner_SUV,0.8686,0.3449,Grey,0.5832,MH03EP6336,0.9403,0.7042
162,1,"[1027, 276, 1792, 725]",Suzuki_Ignis_Crossover,0.9476,0.2371,White,0.94,MH02FN3093,0.7863,0.8065
162,2,"[1529, 262, 1920, 672]",Toyota_Innova_MPV,0.8473,0.3353,White,0.6031,MHO2FN3093,0.8235,0.6779
162,3,"[524, 287, 1124, 759]",Jeep_Compass_SUV,0.5778,0.8987,Red,0.9999,MH47AB1483,0.9684,0.7414
162,27,"[1, 264, 462, 733]",Toyota_Fortuner_SUV,0.8597,0.2999,Grey,0.381,MH03EP6336,0.9602,0.6981
163,1,"[1027, 276, 1793, 725]",Suzuki_Ignis_Crossover,0.9479,0.2805,White,0.9366,HH02FN3093,0.8091,0.8086
163,2,"[1529, 262, 1920, 672]",Toyota_Innova_MPV,0.8387,0.2994,White,0.4549,MHO2FN3093,0.8042,0.6775
163,3,"[524, 287, 1124, 759]",Jeep_Compass_SUV,0.6187,0.9025,Red,0.9999,MH47AB1483,0.9658,0.7413
163,27,"[2, 264, 462, 732]",Toyota_Land Cruiser_SUV,0.8567,0.2532,Grey,0.3866,MH03EP6336,0.9348,0.6987
164,1,"[1027, 276, 1793, 725]",Maruti Suzuki_Vitara_SUV,0.9474,0.3393,White,0.9225,HHO2FN3093,0.8154,0.8077
164,2,"[1530, 262, 1920, 672]",Lexus_LX 570_SUV,0.8381,0.2232,White,0.4392,MH02FN3093,0.8225,0.6893
164,3,"[524, 287, 1124, 759]",Jeep_Compass_SUV,0.4996,0.9075,Red,0.9999,MH47AB1483,0.9475,0.741
164,27,"[2, 264, 461, 731]",Toyota_Fortuner_SUV,0.849,0.34,Grey,0.3966,MH03EP6336,0.9486,0.7019
165,1,"[1028, 277, 1793, 726]",Maruti Suzuki_Vitara_SUV,0.9474,0.2349,White,0.9318,MH02FN3093,0.7956,0.8141
165,2,"[1531, 263, 1920, 672]",Lexus_RX 450h_SUV,0.8326,0.2153,White,0.4262,MH02FN3093,0.853,0.6679
165,3,"[525, 288, 1123, 758]",Lexus_RX 450h_SUV,0.5112,0.2153,Red,1.0,MH47AB1483,0.9816,0.746
165,27,"[2, 264, 461, 730]",Toyota_Fortuner_SUV,0.8684,0.4905,Grey,0.4637,MH03EP6336,0.9437,0.7175
166,1,"[1027, 277, 1793, 726]",Suzuki_Ignis_Crossover,0.9479,0.241,White,0.9208,MH02FN3093,0.8205,0.8246
166,2,"[1532, 263, 1920, 672]",Toyota_Fortuner_SUV,0.8366,0.2069,White,0.3991,HH02FN3093,0.8152,0.6898
166,27,"[2, 264, 461, 730]",Toyota_Fortuner_SUV,0.871,0.4858,Grey,0.3952,MH03EP6336,0.9478,0.7181
167,1,"[1028, 277, 1793, 726]",Suzuki_Ignis_Crossover,0.9463,0.2971,White,0.936,MHO2FN3093,0.842,0.8015
167,2,"[1532, 263, 1920, 672]",Toyota_Fortuner_SUV,0.8602,0.2236,White,0.4272,MHO2FN3093,0.8683,0.668
167,27,"[2, 265, 461, 729]",Toyota_Fortuner_SUV,0.8524,0.565,Grey,0.5206,MHO3EP6336,0.9563,0.7183
167,3,"[524, 287, 1124, 759]",Jeep_Compass_SUV,0.5827,0.9397,Red,0.9999,MH47AB1483,0.9737,0.7497
168,1,"[1028, 277, 1793, 726]",Suzuki_Ignis_Crossover,0.9456,0.2675,White,0.9066,MHO2FN3093,0.8033,0.7891
168,2,"[1532, 264, 1920, 673]",Lexus_LX 570_SUV,0.8486,0.2513,White,0.3659,MH02FN3093,0.8623,0.6125
168,27,"[2, 264, 461, 729]",Toyota_Fortuner_SUV,0.8725,0.4263,Grey,0.6184,MHO3EP6336,0.9483,0.7249
168,3,"[525, 288, 1124, 758]",Toyota_Fortuner_SUV,0.582,0.4263,Red,0.9999,MH47AB1483,0.978,0.7438
169,1,"[1027, 277, 1793, 726]",Suzuki_Ignis_Crossover,0.9469,0.3398,White,0.9205,MH02FN3093,0.8179,0.8036
169,2,"[1532, 264, 1920, 674]",Lexus_LX 570_SUV,0.8567,0.2266,Black,0.3738,MHO2FN3093,0.8474,0.6472
169,27,"[2, 265, 461, 730]",Toyota_Fortuner_SUV,0.8658,0.3134,Grey,0.4976,MH03EP6336,0.9658,0.7123
169,3,"[523, 287, 1124, 759]",Jeep_Compass_SUV,0.5667,0.961,Red,0.9999,MH47AB1483,0.9515,0.7554
169,64,"[525, 288, 1123, 758]",Jeep_Compass_SUV,0.4155,0.961,Red,0.9999,MH47AB1483,0.975,0.6538
170,1,"[1028, 277, 1793, 726]",Suzuki_Ignis_Crossover,0.9455,0.294,White,0.9322,MHO2FN3093,0.8432,0.7894
170,2,"[1532, 264, 1920, 673]",Lexus_RX 450h_SUV,0.8604,0.1747,White,0.3836,MH02FN3093,0.8555,0.6411
170,27,"[1, 265, 462, 730]",Toyota_Fortuner_SUV,0.8381,0.308,Grey,0.6452,MH03EP6336,0.9383,0.7125
170,3,"[523, 287, 1124, 759]",Jeep_Compass_SUV,0.5115,0.951,Red,0.9999,MH47AB1483,0.9398,0.7504
171,1,"[1028, 277, 1793, 726]",Maruti Suzuki_Vitara_SUV,0.9472,0.2587,White,0.9183,MHO2FN3093,0.8609,0.8167
171,2,"[1532, 264, 1919, 673]",Toyota_Fortuner_SUV,0.8641,0.185,White,0.3766,MH02FN3093,0.8544,0.6648
171,27,"[1, 265, 462, 731]",Toyota_Fortuner_SUV,0.8471,0.2522,Grey,0.4646,MH03EP6336,0.9418,0.7135
171,3,"[523, 287, 1124, 759]",Jeep_Compass_SUV,0.5194,0.9468,Red,0.9999,MH47AB1483,0.9793,0.7494
171,64,"[526, 288, 1123, 758]",Jeep_Compass_SUV,0.5009,0.9468,Red,0.9999,MH47AB1483,0.984,0.6588
172,1,"[1028, 277, 1793, 726]",Suzuki_Ignis_Crossover,0.9468,0.3037,White,0.9141,MHO2FN3093,0.8585,0.8082
172,2,"[1532, 264, 1919, 674]",Toyota_Fortuner_SUV,0.8667,0.1708,White,0.3395,MHO2FN3093,0.848,0.6194
172,27,"[0, 264, 463, 731]",Toyota_Fortuner_SUV,0.8279,0.3397,Grey,0.6176,MH03EP6336,0.9661,0.7181
172,3,"[523, 287, 1124, 759]",Jeep_Compass_SUV,0.5866,0.9586,Red,0.9999,MH47AB1483,0.9784,0.7517
172,64,"[526, 288, 1123, 758]",Jeep_Compass_SUV,0.4041,0.9586,Red,0.9999,MH47AB1483,0.9736,0.6599
173,1,"[1028, 277, 1793, 726]",Maruti Suzuki_Vitara_SUV,0.9483,0.3158,White,0.9061,MHO2FN3093,0.8358,0.8391
173,2,"[1531, 264, 1919, 674]",Lexus_LX 570_SUV,0.8592,0.2243,White,0.3776,MH02FN3093,0.8523,0.6356
173,27,"[1, 264, 463, 731]",Toyota_Fortuner_SUV,0.8651,0.3203,Grey,0.4784,MH03EP6336,0.9327,0.7078
173,3,"[523, 287, 1124, 759]",Jeep_Compass_SUV,0.617,0.9593,Red,0.9999,MH47AB1483,0.9323,0.7563
174,1,"[1028, 277, 1793, 727]",Suzuki_Ignis_Crossover,0.9479,0.2533,White,0.9202,MHO2FN3093,0.8465,0.8223
174,2,"[1531, 264, 1919, 675]",Lexus_LX 570_SUV,0.8557,0.2341,White,0.4423,MH02FN3093,0.8738,0.639
174,27,"[1, 264, 463, 730]",Toyota_Fortuner_SUV,0.8355,0.3759,Grey,0.7318,MH03EP6336,0.9151,0.7151
174,3,"[524, 287, 1124, 759]",Jeep_Compass_SUV,0.5733,0.9572,Red,0.9999,MH47AB1483,0.9447,0.7498
175,1,"[1028, 277, 1794, 727]",Maruti Suzuki_Vitara_SUV,0.9451,0.2827,White,0.926,MH02FN3093,0.8625,0.7913
175,2,"[1532, 264, 1919, 674]",Lexus_LX 570_SUV,0.8404,0.276,White,0.3436,MH02FN3093,0.8639,0.6863
175,27,"[1, 263, 463, 730]",Toyota_Fortuner_SUV,0.8113,0.5054,Grey,0.6269,MH03EP6336,0.9599,0.7111
175,3,"[524, 287, 1124, 759]",Jeep_Compass_SUV,0.6297,0.9576,Red,0.9999,MH47AB1483,0.9725,0.7483
176,1,"[1028, 277, 1794, 727]",Maruti Suzuki_Vitara_SUV,0.9448,0.2735,White,0.9249,MHO2FN3093,0.831,0.8288
176,2,"[1533, 264, 1918, 673]",Lexus_LX 570_SUV,0.8251,0.3824,Black,0.3492,MHO2FN3093,0.8631,0.7081
176,27,"[1, 263, 463, 729]",Toyota_Fortuner_SUV,0.82,0.4865,Grey,0.7049,MH03EP6336,0.9553,0.7147
176,3,"[524, 287, 1124, 759]",Jeep_Compass_SUV,0.5975,0.9596,Red,0.9999,MH47AB1483,0.9782,0.7519
177,1,"[1028, 277, 1794, 727]",Maruti Suzuki_Vitara_SUV,0.9434,0.2741,White,0.9362,HHO2FN3093,0.8026,0.8299
177,2,"[1533, 265, 1918, 672]",Lexus_RX 450h_SUV,0.8216,0.3651,Black,0.3176,MHO2FN3093,0.8577,0.7385
177,27,"[1, 263, 463, 729]",Toyota_Fortuner_SUV,0.8166,0.4601,Grey,0.6978,MH03EP6336,0.9614,0.7073
177,3,"[525, 287, 1124, 759]",Jeep_Compass_SUV,0.6564,0.9594,Red,0.9999,MH47AB1483,0.9639,0.7411
178,1,"[1028, 277, 1794, 727]",Maruti Suzuki_Vitara_SUV,0.9459,0.291,White,0.9348,HH02FN3093,0.8116,0.79
178,2,"[1532, 264, 1918, 673]",Lexus_LX 570_SUV,0.8472,0.3074,Black,0.5735,MHO2FN3093,0.8331,0.7101
178,27,"[0, 263, 463, 730]",Toyota_Fortuner_SUV,0.8033,0.2433,Grey,0.5363,MH03EP6336,0.967,0.7061
178,3,"[524, 287, 1124, 759]",Jeep_Compass_SUV,0.6154,0.9451,Red,0.9999,MH47AB1483,0.9835,0.7439
179,1,"[1028, 277, 1792, 726]",Maruti Suzuki_Vitara_SUV,0.9513,0.2561,White,0.9402,MH02FN3093,0.8145,0.8043
179,2,"[1532, 264, 1918, 673]",Lexus_LX 570_SUV,0.8506,0.1857,White,0.4055,MH02FN3093,0.8563,0.6566
179,27,"[1, 263, 462, 728]",Toyota_Fortuner_SUV,0.7869,0.413,Grey,0.574,MH03EP6336,0.9491,0.6985
179,3,"[523, 286, 1123, 758]",Jeep_Compass_SUV,0.7647,0.9132,Red,0.9999,MH47AB1483,0.9688,0.7485
180,1,"[1028, 277, 1792, 726]",Maruti Suzuki_Vitara_SUV,0.9541,0.2574,White,0.9293,MH02FN3093,0.8545,0.7903
180,2,"[1532, 264, 1919, 673]",Lexus_LX 570_SUV,0.848,0.208,White,0.4022,MHO2FN3093,0.8493,0.6195
180,27,"[0, 262, 463, 730]",Toyota_Fortuner_SUV,0.7576,0.3666,Grey,0.4136,MHO3EP6336,0.9503,0.704
180,3,"[523, 286, 1123, 758]",Jeep_Compass_SUV,0.802,0.9234,Red,0.9999,MH47AB1483,0.9566,0.7507
181,1,"[1028, 277, 1792, 726]",Maruti Suzuki_Vitara_SUV,0.9475,0.272,White,0.9381,MHO2FM3093,0.7759,0.7933
181,2,"[1533, 264, 1919, 672]",Toyota_Fortuner_SUV,0.8484,0.2374,White,0.3285,MH02FN3093,0.8361,0.7094
181,27,"[0, 261, 463, 730]",Toyota_Fortuner_SUV,0.791,0.4392,Grey,0.5074,MHO3EP6336,0.9391,0.6949
181,3,"[523, 286, 1123, 758]",Jeep_Compass_SUV,0.717,0.927,Red,0.9999,MH47AB1483,0.9657,0.7497
182,1,"[1027, 277, 1792, 726]",Suzuki_Ignis_Crossover,0.9503,0.2182,White,0.9413,MHO2FM3093,0.786,0.8361
182,2,"[1533, 264, 1919, 672]",Toyota_Fortuner_SUV,0.8541,0.1886,White,0.3222,MH02FN3093,0.8466,0.728
182,27,"[0, 262, 463, 731]",Toyota_Fortuner_SUV,0.7331,0.3506,Grey,0.4027,MHO3EP6336,0.9495,0.7074
182,3,"[523, 286, 1123, 758]",Jeep_Compass_SUV,0.737,0.9567,Red,0.9999,MH47AB1483,0.9322,0.7521
183,1,"[1027, 276, 1792, 726]",Suzuki_Ignis_Crossover,0.9461,0.2006,White,0.955,MHO2FN3093,0.8261,0.8115
183,2,"[1533, 264, 1918, 672]",Toyota_Innova_MPV,0.834,0.3123,White,0.33,MH02FN3093,0.8351,0.6973
183,27,"[0, 260, 464, 731]",Toyota_Fortuner_SUV,0.839,0.3474,Grey,0.3339,MH03EP6336,0.947,0.7037
183,3,"[524, 285, 1124, 757]",Jeep_Compass_SUV,0.7134,0.9578,Red,0.9999,MH47AB1483,0.9853,0.7481
184,1,"[1028, 276, 1792, 726]",Suzuki_Ignis_Crossover,0.9458,0.2159,White,0.9462,HHO2FN3093,0.805,0.8257
184,2,"[1533, 264, 1917, 671]",Lexus_LX 570_SUV,0.8247,0.2209,White,0.3003,MH02FN3093,0.8311,0.7162
184,27,"[0, 259, 464, 730]",Toyota_Fortuner_SUV,0.8221,0.553,Grey,0.4282,MH03EP6336,0.9523,0.6946
184,3,"[524, 285, 1124, 757]",Jeep_Compass_SUV,0.6438,0.9697,Red,0.9999,MH47AB1483,0.9796,0.7463
185,1,"[1028, 276, 1792, 726]",Suzuki_Ignis_Crossover,0.9465,0.1859,White,0.9312,MH02FN3093,0.8373,0.8255
185,2,"[1533, 264, 1918, 671]",Lexus_LX 570_SUV,0.8374,0.2433,White,0.3488,MHO2FN3093,0.7857,0.7017
185,27,"[0, 259, 464, 729]",Toyota_Fortuner_SUV,0.849,0.4726,Grey,0.6617,MHO3EP6336,0.9389,0.7005
185,3,"[524, 285, 1124, 757]",Jeep_Compass_SUV,0.7948,0.9636,Red,0.9999,MH47AB1483,0.9783,0.7449
186,1,"[1028, 276, 1793, 726]",Maruti Suzuki_Vitara_SUV,0.9476,0.2872,White,0.9278,MHO2FN3093,0.8605,0.8207
186,2,"[1533, 264, 1917, 671]",Lexus_LX 570_SUV,0.8337,0.2856,White,0.3461,MHO2FN3093,0.8609,0.7281
186,27,"[0, 258, 464, 729]",Toyota_Land Cruiser_SUV,0.8415,0.2667,Grey,0.5912,MHO3EP6336,0.9341,0.7116
186,3,"[524, 286, 1123, 757]",Jeep_Compass_SUV,0.7471,0.953,Red,0.9999,MH47AB1483,0.9641,0.7482
187,1,"[1028, 276, 1793, 726]",Maruti Suzuki_Vitara_SUV,0.9474,0.2985,White,0.9346,MHO2FN3093,0.7824,0.8011
187,2,"[1532, 264, 1917, 671]",Lexus_LX 570_SUV,0.8235,0.1607,Black,0.5311,MH02FN3093,0.8409,0.7366
187,27,"[0, 259, 465, 731]",Toyota_Fortuner_SUV,0.8489,0.4946,Grey,0.4435,MH03EP6336,0.9639,0.7046
187,3,"[524, 286, 1124, 757]",Jeep_Compass_SUV,0.6559,0.9697,Red,0.9999,MH47AB1483,0.9592,0.7404
188,1,"[1028, 276, 1793, 726]",Suzuki_Ignis_Crossover,0.9505,0.2305,White,0.9457,MHO2FN3093,0.8388,0.8043
188,2,"[1533, 264, 1916, 669]",Lexus_LX 570_SUV,0.8219,0.1954,Black,0.6889,MH02FN3093,0.8098,0.6951
188,27,"[0, 260, 464, 731]",Toyota_Fortuner_SUV,0.8245,0.3708,Grey,0.428,MH03EP6336,0.9433,0.7057
188,3,"[525, 286, 1124, 757]",Jeep_Compass_SUV,0.695,0.9711,Red,0.9999,MH47AB1483,0.966,0.7498
189,1,"[1028, 276, 1793, 727]",Renault_Kwid_Crossover,0.9481,0.1872,White,0.9283,MH02FN3093,0.8631,0.8279
189,2,"[1533, 264, 1917, 668]",Toyota_Fortuner_SUV,0.8173,0.2558,Black,0.318,MH02FN3093,0.8222,0.692
189,27,"[0, 260, 464, 732]",Toyota_Fortuner_SUV,0.8207,0.3212,Grey,0.3631,MH03EP6336,0.9446,0.722
189,3,"[525, 286, 1124, 757]",Jeep_Compass_SUV,0.6715,0.9636,Red,0.9999,MH47AB1483,0.9646,0.7454
190,1,"[1027, 276, 1793, 727]",Suzuki_Ignis_Crossover,0.9456,0.2056,White,0.9531,MH02FN3093,0.8316,0.8239
190,2,"[1532, 265, 1918, 671]",Lexus_RX 450h_SUV,0.8327,0.3402,White,0.4229,MHO2FN3093,0.8391,0.6997
190,27,"[0, 260, 464, 730]",Toyota_Fortuner_SUV,0.8387,0.3826,Grey,0.43,MH03EP6336,0.9386,0.6971
190,3,"[524, 286, 1124, 757]",Jeep_Compass_SUV,0.6726,0.9621,Red,0.9999,MH47AB1483,0.9368,0.7409
191,1,"[1028, 277, 1793, 727]",Renault_Kwid_Crossover,0.9474,0.1558,White,0.9433,MH02FN3093,0.8154,0.8418
191,2,"[1533, 265, 1918, 670]",Lexus_LX 570_SUV,0.822,0.2019,White,0.3867,MHO2FN3093,0.8005,0.7263
191,27,"[0, 261, 463, 730]",Toyota_Fortuner_SUV,0.8242,0.3765,Grey,0.4353,MH03EP6336,0.9422,0.6905
191,3,"[525, 286, 1124, 757]",Jeep_Compass_SUV,0.7102,0.9651,Red,0.9999,MH47AB1483,0.9343,0.7401
192,1,"[1028, 277, 1793, 727]",Suzuki_Ignis_Crossover,0.9503,0.1369,White,0.9498,MHO2FN3093,0.8555,0.8315
192,2,"[1534, 265, 1919, 671]",Lexus_LX 570_SUV,0.8268,0.2047,White,0.305,MH02FN3093,0.8283,0.7417
192,27,"[0, 261, 463, 730]",Toyota_Fortuner_SUV,0.8436,0.3109,Grey,0.4186,MH03EP6336,0.9646,0.6978
192,3,"[525, 286, 1124, 757]",Jeep_Compass_SUV,0.7377,0.9658,Red,0.9999,HH47AB1483,0.9435,0.7522
193,1,"[1028, 277, 1793, 727]",Renault_Kwid_Crossover,0.9496,0.1542,White,0.9409,MH02FN3093,0.8167,0.8434
193,2,"[1534, 265, 1918, 670]",Lexus_LX 570_SUV,0.8199,0.1492,White,0.3654,HHO2FN3093,0.8245,0.7445
193,27,"[0, 260, 464, 731]",Toyota_Fortuner_SUV,0.8444,0.319,Grey,0.3491,MH03EP6336,0.9438,0.7102
193,3,"[525, 286, 1124, 757]",Jeep_Compass_SUV,0.6851,0.9668,Red,0.9999,HH47AB1483,0.9253,0.7442
194,1,"[1028, 277, 1793, 727]",Maruti Suzuki_Vitara_SUV,0.9491,0.1836,White,0.9441,MHO2FN3093,0.8298,0.819
194,2,"[1534, 265, 1919, 671]",Lexus_RX 450h_SUV,0.8221,0.2404,White,0.3437,MHO2FN3093,0.8367,0.7297
194,27,"[1, 261, 462, 728]",Toyota_Fortuner_SUV,0.8439,0.4846,Grey,0.4368,MH03EP6336,0.9479,0.6945
194,3,"[525, 286, 1124, 757]",Jeep_Compass_SUV,0.7032,0.9723,Red,0.9999,MH47AB1483,0.9327,0.7402
195,1,"[1028, 277, 1795, 728]",Maruti Suzuki_Vitara_SUV,0.9482,0.2022,White,0.9315,HHO2FN3093,0.8191,0.8101
195,2,"[1535, 266, 1919, 671]",Lexus_LX 570_SUV,0.8054,0.1058,White,0.3096,MH02FN3093,0.7868,0.7109
195,27,"[1, 261, 462, 728]",Toyota_Fortuner_SUV,0.8461,0.4179,Grey,0.3496,MH03EP6336,0.9653,0.7006
195,3,"[525, 286, 1124, 758]",Jeep_Compass_SUV,0.8085,0.9297,Red,0.9999,MH47AB1483,0.9663,0.7222
196,1,"[1029, 277, 1796, 728]",Maruti Suzuki_Vitara_SUV,0.9497,0.2669,White,0.9229,HHO2FN3093,0.8196,0.8161
196,2,"[1535, 267, 1919, 672]",Lexus_LX 570_SUV,0.812,0.504,Black,0.6625,MH02FN3093,0.8639,0.741
196,27,"[2, 262, 462, 727]",Toyota_Fortuner_SUV,0.8469,0.4916,Silver,0.346,MH03EP6336,0.9302,0.7119
196,3,"[525, 287, 1125, 758]",Jeep_Compass_SUV,0.8073,0.9527,Red,0.9999,MH47AB1483,0.9576,0.7413
197,1,"[1029, 277, 1796, 729]",Maruti Suzuki_Vitara_SUV,0.9471,0.3173,White,0.923,HHO2FN3093,0.8054,0.8319
197,2,"[1535, 267, 1919, 673]",Lexus_LX 570_SUV,0.8291,0.41,Black,0.6548,MH02FN3093,0.8266,0.7296
197,27,"[2, 262, 462, 726]",Toyota_Fortuner_SUV,0.8294,0.4485,Grey,0.4871,MH03EP6336,0.9484,0.7257
197,3,"[525, 287, 1125, 758]",Jeep_Compass_SUV,0.8009,0.9565,Red,0.9999,MH47AB1483,0.9746,0.733
198,1,"[1029, 278, 1796, 729]",Maruti Suzuki_Vitara_SUV,0.9476,0.3078,White,0.9326,MHO2FN3093,0.8532,0.8367
198,2,"[1535, 268, 1919, 674]",Lexus_LX 570_SUV,0.8369,0.2604,Black,0.67,MHO2FN3093,0.8345,0.716
198,27,"[1, 261, 463, 727]",Toyota_Fortuner_SUV,0.852,0.4987,Grey,0.5391,MH03EP6336,0.9543,0.7205
198,3,"[525, 287, 1125, 758]",Jeep_Compass_SUV,0.8578,0.9452,Red,0.9999,MH47AB1483,0.9553,0.7459
199,1,"[1030, 278, 1796, 729]",Maruti Suzuki_Vitara_SUV,0.9458,0.3695,White,0.9328,MHO2FN3093,0.8137,0.8323
199,2,"[1534, 268, 1920, 675]",Lexus_LX 570_SUV,0.8384,0.3677,Black,0.6233,MHO2FN3093,0.8604,0.7098
199,27,"[0, 260, 464, 728]",Toyota_Fortuner_SUV,0.8536,0.5346,Grey,0.6429,MH03EP6336,0.9412,0.7103
199,3,"[526, 287, 1125, 758]",Jeep_Compass_SUV,0.8213,0.9313,Red,0.9999,MH47AB1483,0.9535,0.7428
200,1,"[1030, 278, 1796, 729]",Maruti Suzuki_Vitara_SUV,0.945,0.2802,White,0.9325,MH02FN3093,0.7964,0.8282
200,2,"[1535, 268, 1919, 675]",Toyota_Innova_MPV,0.8325,0.2575,Black,0.6775,MH02FN3093,0.8048,0.7095
200,27,"[0, 260, 464, 728]",Toyota_Fortuner_SUV,0.8472,0.5132,Grey,0.5977,MH03EP6336,0.9592,0.7097
200,3,"[526, 287, 1125, 758]",Jeep_Compass_SUV,0.8254,0.9407,Red,0.9999,MH47AB1483,0.9832,0.7332
201,1,"[1030, 278, 1796, 729]",Maruti Suzuki_Vitara_SUV,0.9437,0.3409,White,0.923,MHO2FN3093,0.8218,0.8382
201,2,"[1534, 268, 1919, 675]",Lexus_LX 570_SUV,0.8377,0.2565,Black,0.8422,MH02FN3093,0.8656,0.7091
201,27,"[0, 261, 464, 728]",Toyota_Fortuner_SUV,0.8513,0.4447,Grey,0.5995,MH03EP6336,0.9561,0.703
201,3,"[526, 287, 1125, 758]",Jeep_Compass_SUV,0.7327,0.9463,Red,0.9999,MH47AB1483,0.977,0.7378
202,1,"[1030, 278, 1796, 728]",Maruti Suzuki_Vitara_SUV,0.9427,0.2528,White,0.9407,MHO2FN3093,0.8842,0.7945
202,2,"[1535, 268, 1918, 674]",Lexus_RX 450h_SUV,0.8353,0.2801,Black,0.8604,MH02FN3093,0.8654,0.6875
202,27,"[0, 260, 465, 729]",Toyota_Fortuner_SUV,0.8415,0.4326,Grey,0.5959,MH03EP6336,0.9421,0.7035
202,3,"[526, 287, 1125, 758]",Jeep_Compass_SUV,0.7635,0.9274,Red,0.9999,MH47AB1483,0.9783,0.7315
203,1,"[1030, 278, 1796, 729]",Maruti Suzuki_Vitara_SUV,0.9448,0.336,White,0.9224,HHO2FN3093,0.78,0.8344
203,2,"[1534, 269, 1918, 675]",Toyota_Fortuner_SUV,0.8428,0.2069,Black,0.8377,MHO2FN3093,0.8538,0.702
203,27,"[0, 260, 465, 729]",Toyota_Fortuner_SUV,0.8605,0.443,Grey,0.632,MH03EP6336,0.949,0.6975
203,3,"[526, 287, 1125, 758]",Jeep_Compass_SUV,0.7518,0.9375,Red,0.9999,MH47AB1483,0.9853,0.7374
204,1,"[1030, 278, 1795, 729]",Maruti Suzuki_Vitara_SUV,0.9419,0.2083,White,0.9149,MHO2FN3093,0.8758,0.7974
204,2,"[1535, 268, 1917, 672]",Lexus_LX 570_SUV,0.8401,0.1736,Black,0.7933,MHO2FN3093,0.857,0.7163
204,27,"[0, 260, 466, 731]",Toyota_Fortuner_SUV,0.8384,0.5478,Grey,0.3605,MHO3EP6336,0.9397,0.703
204,3,"[526, 287, 1126, 759]",Jeep_Compass_SUV,0.7804,0.9491,Red,0.9999,MH47AB1483,0.9781,0.7499
205,1,"[1029, 278, 1795, 729]",Suzuki_Ignis_Crossover,0.9398,0.2502,White,0.9492,MH02FN3093,0.8625,0.7978
205,2,"[1535, 269, 1918, 673]",Lexus_LX 570_SUV,0.8383,0.2991,Black,0.7438,MH02FN3093,0.8351,0.6902
205,27,"[0, 260, 467, 734]",Toyota_Fortuner_SUV,0.8514,0.4242,White,0.4277,MH03EP6336,0.9434,0.7363
205,3,"[527, 287, 1126, 759]",Jeep_Compass_SUV,0.7845,0.9547,Red,0.9999,MH47AB1483,0.9814,0.7357
206,1,"[1029, 278, 1796, 729]",Maruti Suzuki_Vitara_SUV,0.943,0.1769,White,0.9356,MHO2FN3093,0.8392,0.7938
206,2,"[1535, 269, 1919, 674]",Lexus_LX 570_SUV,0.8497,0.2296,Black,0.7888,MHO2FN3093,0.8713,0.7231
206,27,"[0, 260, 467, 734]",Toyota_Fortuner_SUV,0.8113,0.393,Grey,0.4014,MH03EP6336,0.9471,0.7341
206,3,"[526, 287, 1126, 758]",Jeep_Compass_SUV,0.7993,0.9501,Red,0.9999,MH47AB1483,0.9824,0.7291
207,1,"[1029, 278, 1796, 729]",Maruti Suzuki_Vitara_SUV,0.9453,0.1929,White,0.9286,MHO2FN3093,0.8497,0.7941
207,2,"[1535, 268, 1919, 675]",Lexus_LX 570_SUV,0.855,0.3505,Black,0.8301,MH02FN3093,0.864,0.7239
207,27,"[0, 260, 466, 732]",Toyota_Fortuner_SUV,0.8257,0.3802,Grey,0.454,MHO3EP6336,0.9402,0.7105
207,3,"[527, 287, 1125, 758]",Jeep_Compass_SUV,0.8042,0.963,Red,0.9999,MH47AB1483,0.9793,0.7255
208,1,"[1029, 278, 1796, 729]",Suzuki_Ignis_Crossover,0.942,0.1916,White,0.9419,MH02FN3093,0.798,0.797
208,2,"[1535, 269, 1919, 676]",Toyota_Fortuner_SUV,0.8394,0.273,Black,0.8537,MH02FN3093,0.7918,0.705
208,27,"[0, 261, 466, 732]",Toyota_Fortuner_SUV,0.8245,0.3873,Grey,0.4018,MH03EP6336,0.9418,0.7214
208,3,"[527, 287, 1125, 758]",Jeep_Compass_SUV,0.7979,0.9465,Red,0.9999,MH47AB1483,0.9813,0.7261
209,1,"[1029, 278, 1796, 729]",Suzuki_Ignis_Crossover,0.9421,0.2025,White,0.9416,MH02FN3093,0.8043,0.7971
209,2,"[1534, 269, 1919, 677]",Lexus_LX 570_SUV,0.8432,0.2261,Black,0.8377,MH02FN3093,0.8293,0.7044
209,27,"[0, 261, 466, 732]",Toyota_Fortuner_SUV,0.8085,0.4055,Grey,0.4191,MH03EP6336,0.9545,0.719
209,3,"[527, 287, 1126, 758]",Jeep_Compass_SUV,0.7923,0.9748,Red,0.9999,MH47AB1483,0.9741,0.7334
210,1,"[1028, 278, 1796, 729]",Honda_Life_Microcar,0.9446,0.0972,White,0.9447,MH02FN3093,0.8264,0.7958
210,2,"[1535, 269, 1919, 676]",Toyota_Fortuner_SUV,0.8391,0.1606,Black,0.8634,MHO2FN3093,0.8255,0.7217
210,27,"[0, 261, 466, 733]",Toyota_Fortuner_SUV,0.8098,0.4567,White,0.392,MHO3EP6336,0.9494,0.7365
210,3,"[527, 287, 1126, 758]",Jeep_Compass_SUV,0.7717,0.9525,Red,0.9998,MH47AB1483,0.9574,0.7163
211,1,"[1029, 279, 1796, 730]",Maruti Suzuki_Vitara_SUV,0.9469,0.1291,White,0.937,MH02FN3093,0.8428,0.794
211,2,"[1536, 270, 1919, 676]",Toyota_Innova_MPV,0.8409,0.181,Black,0.5471,MH02FN3093,0.8207,0.7201
211,27,"[0, 260, 467, 734]",Toyota_Fortuner_SUV,0.7809,0.3749,Grey,0.4449,MH03EP6336,0.9322,0.7275
211,3,"[526, 287, 1125, 758]",Jeep_Compass_SUV,0.782,0.9203,Red,0.9999,MH47AB1483,0.9577,0.7171
212,1,"[1029, 279, 1796, 730]",Suzuki_Ignis_Crossover,0.9456,0.1544,White,0.9341,MH02FN3093,0.8305,0.7943
212,2,"[1537, 271, 1919, 675]",Toyota_Fortuner_SUV,0.8407,0.1515,Silver,0.3476,MH02FN3093,0.8374,0.7076
212,27,"[0, 261, 467, 735]",Toyota_Fortuner_SUV,0.8212,0.5262,Grey,0.4438,MH03EP6336,0.9337,0.7389
212,3,"[526, 287, 1125, 758]",Jeep_Compass_SUV,0.7923,0.91,Red,0.9999,MH47AB1483,0.964,0.7204
213,1,"[1029, 279, 1796, 730]",Suzuki_Ignis_Crossover,0.9446,0.1473,White,0.9434,MHO2FN3093,0.8595,0.7965
213,2,"[1536, 271, 1919, 676]",Lexus_LX 570_SUV,0.8475,0.2892,Black,0.6725,MHO2FN3093,0.8676,0.7188
213,27,"[0, 262, 467, 736]",Toyota_Fortuner_SUV,0.8128,0.3906,Grey,0.5737,MHO3EP6336,0.9379,0.7399
213,3,"[526, 287, 1126, 758]",Jeep_Compass_SUV,0.7991,0.9484,Red,0.9999,MH47AB1483,0.9334,0.731
214,1,"[1029, 279, 1796, 730]",Suzuki_Ignis_Crossover,0.9425,0.1482,White,0.9398,MHO2FN3093,0.8725,0.797
214,2,"[1536, 272, 1918, 676]",Toyota_Camry_Sedan,0.8358,0.2392,Black,0.7974,MHO2FN3093,0.8802,0.724
214,27,"[0, 262, 467, 736]",Toyota_Fortuner_SUV,0.8467,0.4126,Grey,0.475,MH03EP6336,0.9443,0.7422
214,3,"[526, 287, 1126, 759]",Jeep_Compass_SUV,0.8221,0.9438,Red,0.9999,MH47AB1483,0.9734,0.7352
215,1,"[1029, 280, 1796, 730]",Suzuki_Ignis_Crossover,0.9425,0.2047,White,0.9532,MH02FN3093,0.8284,0.8032
215,2,"[1537, 272, 1918, 675]",Lexus_LX 570_SUV,0.8101,0.3258,Black,0.7631,MHO2FN3093,0.8227,0.7046
215,27,"[0, 263, 466, 736]",Toyota_Fortuner_SUV,0.8469,0.4141,White,0.4527,MH03EP6336,0.939,0.7343
215,3,"[527, 287, 1126, 759]",Jeep_Compass_SUV,0.8282,0.9049,Red,0.9999,MH47AB1483,0.9805,0.7314
216,1,"[1029, 280, 1796, 730]",Suzuki_Ignis_Crossover,0.9402,0.1852,White,0.9538,MH02FN3093,0.8226,0.8089
216,2,"[1537, 272, 1918, 675]",Lexus_LX 570_SUV,0.8137,0.2814,Black,0.7839,MHO2FN3093,0.8432,0.7325
216,27,"[1, 263, 465, 733]",Toyota_Fortuner_SUV,0.8578,0.518,Grey,0.3596,MH03EP6336,0.9426,0.7359
216,3,"[527, 287, 1127, 759]",Jeep_Compass_SUV,0.8054,0.9433,Red,0.9999,MH47AB1483,0.9823,0.7244
217,1,"[1029, 280, 1796, 730]",Suzuki_Ignis_Crossover,0.9402,0.1505,White,0.9506,MHO2FN3093,0.838,0.7968
217,2,"[1538, 272, 1918, 675]",Lexus_LX 570_SUV,0.7676,0.3237,Black,0.7046,MH02FN3093,0.8614,0.7438
217,27,"[1, 263, 465, 732]",Toyota_Fortuner_SUV,0.8391,0.472,Grey,0.3826,MH03EP6336,0.9572,0.715
217,3,"[527, 288, 1127, 759]",Jeep_Compass_SUV,0.8218,0.9476,Red,0.9999,MH47AB1483,0.9677,0.7281
